pair,name,base
1000SATS/FDUSD,SATS,1000SATS
1000SATS/TRY,SATS,1000SATS
1000SATS/USDT,SATS,1000SATS
1INCH/USDT,1inch Network,1INCH
1INCH/BTC,1inch Network,1INCH
AAVE/BTC,Aave,AAVE
AAVE/BNB,Aave,AAVE
AAVE/ETH,Aave,AAVE
AAVE/USDT,Aave,AAVE
ACA/TRY,Acala Token,ACA
ACA/BTC,Acala Token,ACA
ACA/USDT,Acala Token,ACA
ACE/BTC,Fusionist,ACE
ACE/BNB,Fusionist,ACE
ACE/FDUSD,Fusionist,ACE
ACE/TRY,Fusionist,ACE
ACE/USDT,Fusionist,ACE
ACH/USDT,Alchemy Pay,ACH
ACH/TRY,Alchemy Pay,ACH
ACH/BTC,Alchemy Pay,ACH
ACM/USDT,AC Milan Fan Token,ACM
ACM/TRY,AC Milan Fan Token,ACM
ADA/USDT,Cardano,ADA
ADA/USDC,Cardano,ADA
ADA/TUSD,Cardano,ADA
ADA/BNB,Cardano,ADA
ADA/EUR,Cardano,ADA
ADA/BTC,Cardano,ADA
ADA/FDUSD,Cardano,ADA
ADA/TRY,Cardano,ADA
ADA/ETH,Cardano,ADA
ADA/BRL,Cardano,ADA
ADX/ETH,AdEx,ADX
ADX/BTC,AdEx,ADX
ADX/USDT,AdEx,ADX
AERGO/USDT,Aergo,AERGO
AERGO/BTC,Aergo,AERGO
AEUR/USDT,Anchored Coins AEUR,AEUR
AGIX/FDUSD,SingularityNET,AGIX
AGIX/BTC,SingularityNET,AGIX
AGIX/USDT,SingularityNET,AGIX
AGIX/TRY,SingularityNET,AGIX
AGLD/BTC,Adventure Gold,AGLD
AGLD/USDT,Adventure Gold,AGLD
AI/BTC,Sleepless AI,AI
AI/BNB,Sleepless AI,AI
AI/FDUSD,Sleepless AI,AI
AI/TUSD,Sleepless AI,AI
AI/TRY,Sleepless AI,AI
AI/USDT,Sleepless AI,AI
AKRO/USDT,Akropolis,AKRO
ALCX/USDT,Alchemix,ALCX
ALCX/BTC,Alchemix,ALCX
ALGO/TRY,Algorand,ALGO
ALGO/BTC,Algorand,ALGO
ALGO/USDT,Algorand,ALGO
ALGO/FDUSD,Algorand,ALGO
ALGO/ETH,Algorand,ALGO
ALGO/BNB,Algorand,ALGO
ALICE/USDT,MyNeighborAlice,ALICE
ALICE/TRY,MyNeighborAlice,ALICE
ALICE/BTC,MyNeighborAlice,ALICE
ALPACA/USDT,Alpaca Finance,ALPACA
ALPACA/BTC,Alpaca Finance,ALPACA
ALPHA/BTC,Stella,ALPHA
ALPHA/USDT,Stella,ALPHA
ALPINE/TRY,Alpine F1 Team Fan Token,ALPINE
ALPINE/USDT,Alpine F1 Team Fan Token,ALPINE
ALPINE/BTC,Alpine F1 Team Fan Token,ALPINE
ALPINE/EUR,Alpine F1 Team Fan Token,ALPINE
ALT/FDUSD,Altlayer,ALT
ALT/USDT,Altlayer,ALT
ALT/USDC,Altlayer,ALT
ALT/BTC,Altlayer,ALT
ALT/BNB,Altlayer,ALT
ALT/TRY,Altlayer,ALT
AMB/USDT,AirDAO,AMB
AMB/BTC,AirDAO,AMB
AMP/TRY,Amp,AMP
AMP/USDT,Amp,AMP
ANKR/USDT,Ankr,ANKR
ANKR/BTC,Ankr,ANKR
ANKR/TRY,Ankr,ANKR
APE/BTC,ApeCoin,APE
APE/USDT,ApeCoin,APE
APE/TRY,ApeCoin,APE
APE/ETH,ApeCoin,APE
API3/USDT,API3,API3
API3/TRY,API3,API3
APT/ETH,Aptos,APT
APT/EUR,Aptos,APT
APT/USDT,Aptos,APT
APT/TRY,Aptos,APT
APT/BTC,Aptos,APT
APT/FDUSD,Aptos,APT
AR/TRY,Arweave,AR
AR/BTC,Arweave,AR
AR/USDT,Arweave,AR
ARB/BTC,Arbitrum,ARB
ARB/TUSD,Arbitrum,ARB
ARB/EUR,Arbitrum,ARB
ARB/FDUSD,Arbitrum,ARB
ARB/USDC,Arbitrum,ARB
ARB/TRY,Arbitrum,ARB
ARB/ETH,Arbitrum,ARB
ARB/USDT,Arbitrum,ARB
ARDR/USDT,Ardor,ARDR
ARDR/BTC,Ardor,ARDR
ARK/USDT,Ark,ARK
ARK/TRY,Ark,ARK
ARKM/BNB,Arkham,ARKM
ARKM/TUSD,Arkham,ARKM
ARKM/BTC,Arkham,ARKM
ARKM/TRY,Arkham,ARKM
ARKM/USDT,Arkham,ARKM
ARPA/BTC,ARPA,ARPA
ARPA/BNB,ARPA,ARPA
ARPA/USDT,ARPA,ARPA
ARPA/TRY,ARPA,ARPA
ASR/TRY,AS Roma Fan Token,ASR
ASR/USDT,AS Roma Fan Token,ASR
AST/USDT,AirSwap,AST
ASTR/USDT,Astar,ASTR
ASTR/BTC,Astar,ASTR
ATA/BTC,Automata Network,ATA
ATA/USDT,Automata Network,ATA
ATM/TRY,Atletico De Madrid Fan Token,ATM
ATM/USDT,Atletico De Madrid Fan Token,ATM
ATOM/ETH,Cosmos,ATOM
ATOM/TRY,Cosmos,ATOM
ATOM/EUR,Cosmos,ATOM
ATOM/USDT,Cosmos,ATOM
ATOM/FDUSD,Cosmos,ATOM
ATOM/BNB,Cosmos,ATOM
ATOM/BTC,Cosmos,ATOM
AUCTION/FDUSD,Bounce Token,AUCTION
AUCTION/USDT,Bounce Token,AUCTION
AUCTION/BTC,Bounce Token,AUCTION
AUDIO/USDT,Audius,AUDIO
AUDIO/BTC,Audius,AUDIO
AUDIO/TRY,Audius,AUDIO
AVA/BTC,AVA,AVA
AVA/USDT,AVA,AVA
AVAX/BRL,Avalanche,AVAX
AVAX/EUR,Avalanche,AVAX
AVAX/ETH,Avalanche,AVAX
AVAX/TRY,Avalanche,AVAX
AVAX/USDT,Avalanche,AVAX
AVAX/USDC,Avalanche,AVAX
AVAX/BTC,Avalanche,AVAX
AVAX/TUSD,Avalanche,AVAX
AVAX/FDUSD,Avalanche,AVAX
AVAX/BNB,Avalanche,AVAX
AXL/USDT,Axelar,AXL
AXL/BTC,Axelar,AXL
AXL/FDUSD,Axelar,AXL
AXL/TRY,Axelar,AXL
AXS/ETH,Axie Infinity,AXS
AXS/TRY,Axie Infinity,AXS
AXS/BNB,Axie Infinity,AXS
AXS/USDT,Axie Infinity,AXS
AXS/BTC,Axie Infinity,AXS
BADGER/USDT,Badger DAO,BADGER
BADGER/BTC,Badger DAO,BADGER
BAKE/BNB,BakeryToken,BAKE
BAKE/USDT,BakeryToken,BAKE
BAKE/BTC,BakeryToken,BAKE
BAL/USDT,Balancer,BAL
BAL/BTC,Balancer,BAL
BAND/BTC,Band Protocol,BAND
BAND/TRY,Band Protocol,BAND
BAND/USDT,Band Protocol,BAND
BAR/TRY,FC Barcelona Fan Token,BAR
BAR/USDT,FC Barcelona Fan Token,BAR
BAT/BTC,Basic Attention Token,BAT
BAT/USDT,Basic Attention Token,BAT
BCH/TUSD,Bitcoin Cash,BCH
BCH/EUR,Bitcoin Cash,BCH
BCH/FDUSD,Bitcoin Cash,BCH
BCH/BTC,Bitcoin Cash,BCH
BCH/USDT,Bitcoin Cash,BCH
BCH/TRY,Bitcoin Cash,BCH
BCH/BNB,Bitcoin Cash,BCH
BEAMX/TRY,Beam,BEAMX
BEAMX/USDT,Beam,BEAMX
BEL/TRY,Bella Protocol,BEL
BEL/USDT,Bella Protocol,BEL
BEL/BTC,Bella Protocol,BEL
BETA/BTC,Beta Finance,BETA
BETA/USDT,Beta Finance,BETA
BICO/USDT,Biconomy,BICO
BICO/BTC,Biconomy,BICO
BIFI/USDT,Beefy,BIFI
BLUR/USDT,Blur,BLUR
BLUR/BTC,Blur,BLUR
BLUR/TRY,Blur,BLUR
BLUR/USDC,Blur,BLUR
BLUR/FDUSD,Blur,BLUR
BLZ/USDT,Bluzelle,BLZ
BLZ/FDUSD,Bluzelle,BLZ
BLZ/BTC,Bluzelle,BLZ
BNB/USDC,BNB,BNB
BNB/TRY,BNB,BNB
BNB/FDUSD,BNB,BNB
BNB/BTC,BNB,BNB
BNB/UAH,BNB,BNB
BNB/USDT,BNB,BNB
BNB/BRL,BNB,BNB
BNB/TUSD,BNB,BNB
BNB/ETH,BNB,BNB
BNB/EUR,BNB,BNB
BNB/DAI,BNB,BNB
BNT/USDT,Bancor,BNT
BNT/BTC,Bancor,BNT
BNT/ETH,Bancor,BNT
BNX/USDT,BinaryX,BNX
BNX/BTC,BinaryX,BNX
BOND/USDT,BarnBridge,BOND
BOND/BTC,BarnBridge,BOND
BONK/FDUSD,Bonk,BONK
BONK/TRY,Bonk,BONK
BONK/USDT,Bonk,BONK
BSW/USDT,Biswap,BSW
BSW/TRY,Biswap,BSW
BTC/BRL,Bitcoin,BTC
BTC/FDUSD,Bitcoin,BTC
BTC/TRY,Bitcoin,BTC
BTC/TUSD,Bitcoin,BTC
BTC/UAH,Bitcoin,BTC
BTC/ZAR,Bitcoin,BTC
BTC/BIDR,Bitcoin,BTC
BTC/RON,Bitcoin,BTC
BTC/PLN,Bitcoin,BTC
BTC/NGN,Bitcoin,BTC
BTC/EUR,Bitcoin,BTC
BTC/USDC,Bitcoin,BTC
BTC/DAI,Bitcoin,BTC
BTC/USDT,Bitcoin,BTC
BTC/AEUR,Bitcoin,BTC
BTC/ARS,Bitcoin,BTC
BTTC/TRY,BitTorrent (New),BTTC
BTTC/USDT,BitTorrent (New),BTTC
BURGER/USDT,BurgerCities,BURGER
C98/USDT,Coin98,C98
C98/BTC,Coin98,C98
CAKE/TUSD,PancakeSwap,CAKE
CAKE/USDT,PancakeSwap,CAKE
CAKE/BNB,PancakeSwap,CAKE
CAKE/BTC,PancakeSwap,CAKE
CAKE/TRY,PancakeSwap,CAKE
CELO/BTC,Celo,CELO
CELO/USDT,Celo,CELO
CELR/USDT,Celer Network,CELR
CELR/BTC,Celer Network,CELR
CFX/TUSD,Conflux,CFX
CFX/USDT,Conflux,CFX
CFX/TRY,Conflux,CFX
CFX/BTC,Conflux,CFX
CHESS/BTC,Tranchess,CHESS
CHESS/USDT,Tranchess,CHESS
CHR/BTC,Chromia,CHR
CHR/BNB,Chromia,CHR
CHR/ETH,Chromia,CHR
CHR/USDT,Chromia,CHR
CHZ/BRL,Chiliz,CHZ
CHZ/EUR,Chiliz,CHZ
CHZ/TRY,Chiliz,CHZ
CHZ/FDUSD,Chiliz,CHZ
CHZ/BNB,Chiliz,CHZ
CHZ/BTC,Chiliz,CHZ
CHZ/USDT,Chiliz,CHZ
CITY/TRY,Manchester City Fan Token,CITY
CITY/USDT,Manchester City Fan Token,CITY
CKB/TRY,Nervos Network,CKB
CKB/USDT,Nervos Network,CKB
CLV/BTC,CLV,CLV
CLV/USDT,CLV,CLV
COMBO/USDT,COMBO,COMBO
COMBO/TRY,COMBO,COMBO
COMP/USDT,Compound,COMP
COMP/TRY,Compound,COMP
COMP/TUSD,Compound,COMP
COMP/BTC,Compound,COMP
COS/BTC,Contentos,COS
COS/TRY,Contentos,COS
COS/USDT,Contentos,COS
COTI/USDT,COTI,COTI
COTI/BTC,COTI,COTI
COTI/TRY,COTI,COTI
CREAM/USDT,Cream Finance,CREAM
CRV/BTC,Curve DAO Token,CRV
CRV/USDT,Curve DAO Token,CRV
CTK/USDT,Shentu,CTK
CTK/BTC,Shentu,CTK
CTK/BNB,Shentu,CTK
CTSI/USDT,Cartesi,CTSI
CTSI/BNB,Cartesi,CTSI
CTSI/BTC,Cartesi,CTSI
CTXC/USDT,Cortex,CTXC
CTXC/BTC,Cortex,CTXC
CVC/USDT,Civic,CVC
CVP/USDT,PowerPool,CVP
CVX/USDT,Convex Finance,CVX
CYBER/BTC,CyberConnect,CYBER
CYBER/TUSD,CyberConnect,CYBER
CYBER/ETH,CyberConnect,CYBER
CYBER/TRY,CyberConnect,CYBER
CYBER/BNB,CyberConnect,CYBER
CYBER/FDUSD,CyberConnect,CYBER
CYBER/USDT,CyberConnect,CYBER
DAR/USDT,Mines of Dalarnia,DAR
DAR/TRY,Mines of Dalarnia,DAR
DAR/BTC,Mines of Dalarnia,DAR
DASH/ETH,Dash,DASH
DASH/USDT,Dash,DASH
DASH/BTC,Dash,DASH
DATA/BTC,Streamr,DATA
DATA/USDT,Streamr,DATA
DCR/BTC,Decred,DCR
DCR/USDT,Decred,DCR
DEGO/BTC,Dego Finance,DEGO
DEGO/USDT,Dego Finance,DEGO
DENT/ETH,Dent,DENT
DENT/USDT,Dent,DENT
DENT/TRY,Dent,DENT
DEXE/USDT,DeXe,DEXE
DF/USDT,dForce,DF
DGB/USDT,DigiByte,DGB
DGB/BTC,DigiByte,DGB
DIA/BTC,DIA,DIA
DIA/USDT,DIA,DIA
DOCK/USDT,Dock,DOCK
DOCK/BTC,Dock,DOCK
DODO/BTC,DODO,DODO
DODO/USDT,DODO,DODO
DOGE/TUSD,Dogecoin,DOGE
DOGE/BTC,Dogecoin,DOGE
DOGE/USDC,Dogecoin,DOGE
DOGE/BRL,Dogecoin,DOGE
DOGE/USDT,Dogecoin,DOGE
DOGE/EUR,Dogecoin,DOGE
DOGE/FDUSD,Dogecoin,DOGE
DOGE/TRY,Dogecoin,DOGE
DOT/BTC,Polkadot,DOT
DOT/EUR,Polkadot,DOT
DOT/ETH,Polkadot,DOT
DOT/BNB,Polkadot,DOT
DOT/FDUSD,Polkadot,DOT
DOT/TRY,Polkadot,DOT
DOT/BRL,Polkadot,DOT
DOT/USDC,Polkadot,DOT
DOT/TUSD,Polkadot,DOT
DOT/USDT,Polkadot,DOT
DREP/USDT,Drep [new],DREP
DREP/BTC,Drep [new],DREP
DUSK/BTC,Dusk,DUSK
DUSK/USDT,Dusk,DUSK
DYDX/FDUSD,dYdX (ethDYDX),DYDX
DYDX/TRY,dYdX (ethDYDX),DYDX
DYDX/BNB,dYdX (ethDYDX),DYDX
DYDX/BTC,dYdX (ethDYDX),DYDX
DYDX/USDT,dYdX (ethDYDX),DYDX
DYM/BTC,Dymension,DYM
DYM/USDT,Dymension,DYM
DYM/FDUSD,Dymension,DYM
DYM/TRY,Dymension,DYM
EDU/BTC,Open Campus,EDU
EDU/USDT,Open Campus,EDU
EDU/TUSD,Open Campus,EDU
EDU/TRY,Open Campus,EDU
EDU/BNB,Open Campus,EDU
EGLD/BNB,MultiversX,EGLD
EGLD/RON,MultiversX,EGLD
EGLD/BTC,MultiversX,EGLD
EGLD/ETH,MultiversX,EGLD
EGLD/EUR,MultiversX,EGLD
EGLD/USDT,MultiversX,EGLD
EGLD/FDUSD,MultiversX,EGLD
ELF/BTC,aelf,ELF
ELF/USDT,aelf,ELF
ELF/ETH,aelf,ELF
ENJ/TRY,Enjin Coin,ENJ
ENJ/ETH,Enjin Coin,ENJ
ENJ/BTC,Enjin Coin,ENJ
ENJ/USDT,Enjin Coin,ENJ
ENS/TRY,Ethereum Name Service,ENS
ENS/BTC,Ethereum Name Service,ENS
ENS/FDUSD,Ethereum Name Service,ENS
ENS/USDT,Ethereum Name Service,ENS
EOS/USDT,EOS,EOS
EOS/TRY,EOS,EOS
EOS/BTC,EOS,EOS
EOS/ETH,EOS,EOS
EPX/USDT,Ellipsis,EPX
ERN/USDT,Ethernity,ERN
ETC/TRY,Ethereum Classic,ETC
ETC/BTC,Ethereum Classic,ETC
ETC/USDT,Ethereum Classic,ETC
ETC/ETH,Ethereum Classic,ETC
ETC/BNB,Ethereum Classic,ETC
ETC/FDUSD,Ethereum Classic,ETC
ETH/UAH,Ethereum,ETH
ETH/BTC,Ethereum,ETH
ETH/BIDR,Ethereum,ETH
ETH/EUR,Ethereum,ETH
ETH/BRL,Ethereum,ETH
ETH/PLN,Ethereum,ETH
ETH/USDC,Ethereum,ETH
ETH/DAI,Ethereum,ETH
ETH/FDUSD,Ethereum,ETH
ETH/ZAR,Ethereum,ETH
ETH/TUSD,Ethereum,ETH
ETH/TRY,Ethereum,ETH
ETH/USDT,Ethereum,ETH
ETH/AEUR,Ethereum,ETH
FARM/BTC,Harvest Finance,FARM
FARM/USDT,Harvest Finance,FARM
FDUSD/TRY,First Digital USD,FDUSD
FDUSD/USDT,First Digital USD,FDUSD
FET/FDUSD,Fetch.ai,FET
FET/USDT,Fetch.ai,FET
FET/TRY,Fetch.ai,FET
FET/BTC,Fetch.ai,FET
FET/BNB,Fetch.ai,FET
FIDA/BTC,Bonfida,FIDA
FIDA/USDT,Bonfida,FIDA
FIDA/TRY,Bonfida,FIDA
FIL/ETH,Filecoin,FIL
FIL/USDC,Filecoin,FIL
FIL/TRY,Filecoin,FIL
FIL/BNB,Filecoin,FIL
FIL/FDUSD,Filecoin,FIL
FIL/USDT,Filecoin,FIL
FIL/BTC,Filecoin,FIL
FIO/BTC,FIO Protocol,FIO
FIO/USDT,FIO Protocol,FIO
FIRO/USDT,Firo,FIRO
FIRO/BTC,Firo,FIRO
FIS/USDT,StaFi,FIS
FIS/BTC,StaFi,FIS
FLM/USDT,Flamingo,FLM
FLM/BTC,Flamingo,FLM
FLOKI/TRY,FLOKI,FLOKI
FLOKI/USDT,FLOKI,FLOKI
FLOW/USDT,Flow,FLOW
FLOW/BTC,Flow,FLOW
FLUX/BTC,Flux,FLUX
FLUX/USDT,Flux,FLUX
FOR/BTC,ForTube,FOR
FOR/USDT,ForTube,FOR
FORTH/BTC,Ampleforth Governance Token,FORTH
FORTH/USDT,Ampleforth Governance Token,FORTH
FRONT/TUSD,Frontier,FRONT
FRONT/BTC,Frontier,FRONT
FRONT/TRY,Frontier,FRONT
FRONT/USDT,Frontier,FRONT
FTM/FDUSD,Fantom,FTM
FTM/ETH,Fantom,FTM
FTM/TRY,Fantom,FTM
FTM/BTC,Fantom,FTM
FTM/EUR,Fantom,FTM
FTM/USDT,Fantom,FTM
FTM/BNB,Fantom,FTM
FTT/USDT,FTX Token,FTT
FUN/ETH,FUNToken,FUN
FUN/USDT,FUNToken,FUN
FXS/BTC,Frax Share,FXS
FXS/USDT,Frax Share,FXS
GAL/TRY,Galxe,GAL
GAL/BTC,Galxe,GAL
GAL/USDT,Galxe,GAL
GALA/USDT,Gala,GALA
GALA/BRL,Gala,GALA
GALA/ETH,Gala,GALA
GALA/BTC,Gala,GALA
GALA/FDUSD,Gala,GALA
GALA/EUR,Gala,GALA
GALA/TRY,Gala,GALA
GALA/BNB,Gala,GALA
GAS/FDUSD,Gas,GAS
GAS/USDT,Gas,GAS
GAS/TRY,Gas,GAS
GAS/BTC,Gas,GAS
GFT/USDT,Gifto,GFT
GHST/USDT,Aavegotchi,GHST
GLM/USDT,Golem,GLM
GLM/BTC,Golem,GLM
GLMR/USDT,Moonbeam,GLMR
GLMR/BTC,Moonbeam,GLMR
GMT/TRY,GMT,GMT
GMT/BTC,GMT,GMT
GMT/BNB,GMT,GMT
GMT/USDT,GMT,GMT
GMT/EUR,GMT,GMT
GMX/USDT,GMX,GMX
GMX/BTC,GMX,GMX
GNO/USDT,Gnosis,GNO
GNS/BTC,Gains Network,GNS
GNS/USDT,Gains Network,GNS
GRT/TRY,The Graph,GRT
GRT/BTC,The Graph,GRT
GRT/ETH,The Graph,GRT
GRT/USDT,The Graph,GRT
GRT/EUR,The Graph,GRT
GTC/USDT,Gitcoin,GTC
GTC/BTC,Gitcoin,GTC
HARD/BTC,Kava Lend,HARD
HARD/USDT,Kava Lend,HARD
HBAR/BNB,Hedera,HBAR
HBAR/USDT,Hedera,HBAR
HBAR/TRY,Hedera,HBAR
HBAR/BTC,Hedera,HBAR
HFT/BTC,Hashflow,HFT
HFT/USDT,Hashflow,HFT
HIFI/USDT,Hifi Finance,HIFI
HIGH/USDT,Highstreet,HIGH
HIGH/BTC,Highstreet,HIGH
HIVE/USDT,Hive,HIVE
HIVE/BTC,Hive,HIVE
HOOK/USDT,Hooked Protocol,HOOK
HOOK/BTC,Hooked Protocol,HOOK
HOT/TRY,Holo,HOT
HOT/USDT,Holo,HOT
HOT/ETH,Holo,HOT
ICP/FDUSD,Internet Computer,ICP
ICP/EUR,Internet Computer,ICP
ICP/ETH,Internet Computer,ICP
ICP/BNB,Internet Computer,ICP
ICP/BTC,Internet Computer,ICP
ICP/TRY,Internet Computer,ICP
ICP/USDT,Internet Computer,ICP
ICX/USDT,ICON,ICX
ICX/BTC,ICON,ICX
ID/TUSD,SPACE ID,ID
ID/BTC,SPACE ID,ID
ID/USDT,SPACE ID,ID
ID/TRY,SPACE ID,ID
IDEX/USDT,IDEX,IDEX
IDEX/BTC,IDEX,IDEX
ILV/USDT,Illuvium,ILV
ILV/BTC,Illuvium,ILV
IMX/USDT,Immutable,IMX
IMX/BTC,Immutable,IMX
INJ/BTC,Injective,INJ
INJ/TUSD,Injective,INJ
INJ/BNB,Injective,INJ
INJ/ETH,Injective,INJ
INJ/TRY,Injective,INJ
INJ/USDT,Injective,INJ
INJ/USDC,Injective,INJ
INJ/FDUSD,Injective,INJ
IOST/USDT,IOST,IOST
IOST/BTC,IOST,IOST
IOTA/USDT,IOTA,IOTA
IOTA/FDUSD,IOTA,IOTA
IOTA/ETH,IOTA,IOTA
IOTA/TRY,IOTA,IOTA
IOTA/BTC,IOTA,IOTA
IOTX/ETH,IoTeX,IOTX
IOTX/BTC,IoTeX,IOTX
IOTX/USDT,IoTeX,IOTX
IQ/USDT,IQ,IQ
IRIS/USDT,IRISnet,IRIS
IRIS/BTC,IRISnet,IRIS
JASMY/TRY,JasmyCoin,JASMY
JASMY/USDT,JasmyCoin,JASMY
JOE/USDT,JOE,JOE
JOE/TRY,JOE,JOE
JOE/BTC,JOE,JOE
JST/BTC,JUST,JST
JST/USDT,JUST,JST
JTO/TRY,Jito,JTO
JTO/USDT,Jito,JTO
JTO/FDUSD,Jito,JTO
JUP/USDC,Jupiter,JUP
JUP/TRY,Jupiter,JUP
JUP/USDT,Jupiter,JUP
JUP/FDUSD,Jupiter,JUP
JUV/TRY,Juventus Fan Token,JUV
JUV/USDT,Juventus Fan Token,JUV
KAVA/BTC,Kava,KAVA
KAVA/USDT,Kava,KAVA
KDA/BTC,Kadena,KDA
KDA/USDT,Kadena,KDA
KEY/USDT,SelfKey,KEY
KLAY/BTC,Klaytn,KLAY
KLAY/USDT,Klaytn,KLAY
KMD/BTC,Komodo,KMD
KMD/USDT,Komodo,KMD
KNC/USDT,Kyber Network Crystal v2,KNC
KNC/BTC,Kyber Network Crystal v2,KNC
KP3R/USDT,Keep3rV1,KP3R
KSM/BTC,Kusama,KSM
KSM/USDT,Kusama,KSM
LAZIO/BTC,S.S. Lazio Fan Token,LAZIO
LAZIO/EUR,S.S. Lazio Fan Token,LAZIO
LAZIO/TRY,S.S. Lazio Fan Token,LAZIO
LAZIO/USDT,S.S. Lazio Fan Token,LAZIO
LDO/BTC,Lido DAO,LDO
LDO/USDT,Lido DAO,LDO
LDO/TRY,Lido DAO,LDO
LDO/FDUSD,Lido DAO,LDO
LDO/TUSD,Lido DAO,LDO
LEVER/USDT,LeverFi,LEVER
LEVER/TRY,LeverFi,LEVER
LINA/USDT,Linear Finance,LINA
LINA/BTC,Linear Finance,LINA
LINK/ETH,Chainlink,LINK
LINK/FDUSD,Chainlink,LINK
LINK/TUSD,Chainlink,LINK
LINK/USDT,Chainlink,LINK
LINK/USDC,Chainlink,LINK
LINK/BRL,Chainlink,LINK
LINK/BTC,Chainlink,LINK
LINK/EUR,Chainlink,LINK
LINK/BNB,Chainlink,LINK
LINK/TRY,Chainlink,LINK
LIT/USDT,Litentry,LIT
LIT/BTC,Litentry,LIT
LOKA/BTC,League of Kingdoms Arena,LOKA
LOKA/USDT,League of Kingdoms Arena,LOKA
LOOM/TRY,Loom Network,LOOM
LOOM/USDT,Loom Network,LOOM
LOOM/BTC,Loom Network,LOOM
LPT/BTC,Livepeer,LPT
LPT/USDT,Livepeer,LPT
LPT/BNB,Livepeer,LPT
LPT/TRY,Livepeer,LPT
LQTY/BTC,Liquity,LQTY
LQTY/USDT,Liquity,LQTY
LRC/USDT,Loopring,LRC
LRC/TRY,Loopring,LRC
LRC/ETH,Loopring,LRC
LRC/BTC,Loopring,LRC
LSK/BTC,Lisk,LSK
LSK/USDT,Lisk,LSK
LSK/ETH,Lisk,LSK
LTC/TUSD,Litecoin,LTC
LTC/BRL,Litecoin,LTC
LTC/ETH,Litecoin,LTC
LTC/USDT,Litecoin,LTC
LTC/BNB,Litecoin,LTC
LTC/TRY,Litecoin,LTC
LTC/EUR,Litecoin,LTC
LTC/FDUSD,Litecoin,LTC
LTC/BTC,Litecoin,LTC
LTO/BTC,LTO Network,LTO
LTO/USDT,LTO Network,LTO
LUNA/USDT,Terra,LUNA
LUNA/TRY,Terra,LUNA
LUNC/USDT,Terra Classic,LUNC
LUNC/TRY,Terra Classic,LUNC
MAGIC/TRY,Treasure,MAGIC
MAGIC/BTC,Treasure,MAGIC
MAGIC/USDT,Treasure,MAGIC
MAGIC/FDUSD,Treasure,MAGIC
MANA/USDT,Decentraland,MANA
MANA/TRY,Decentraland,MANA
MANA/BTC,Decentraland,MANA
MANA/ETH,Decentraland,MANA
MANTA/BNB,Manta Network,MANTA
MANTA/FDUSD,Manta Network,MANTA
MANTA/USDC,Manta Network,MANTA
MANTA/TRY,Manta Network,MANTA
MANTA/USDT,Manta Network,MANTA
MANTA/BTC,Manta Network,MANTA
MASK/BNB,Mask Network,MASK
MASK/USDT,Mask Network,MASK
MATIC/ETH,Polygon,MATIC
MATIC/USDC,Polygon,MATIC
MATIC/BRL,Polygon,MATIC
MATIC/USDT,Polygon,MATIC
MATIC/FDUSD,Polygon,MATIC
MATIC/TRY,Polygon,MATIC
MATIC/TUSD,Polygon,MATIC
MATIC/BTC,Polygon,MATIC
MATIC/BNB,Polygon,MATIC
MATIC/EUR,Polygon,MATIC
MAV/TUSD,Maverick Protocol,MAV
MAV/BTC,Maverick Protocol,MAV
MAV/USDT,Maverick Protocol,MAV
MAV/TRY,Maverick Protocol,MAV
MBL/USDT,MovieBloc,MBL
MBOX/BTC,MOBOX,MBOX
MBOX/TRY,MOBOX,MBOX
MBOX/USDT,MOBOX,MBOX
MBOX/BNB,MOBOX,MBOX
MDT/BTC,Measurable Data Token,MDT
MDT/USDT,Measurable Data Token,MDT
MDX/BTC,Mdex,MDX
MDX/USDT,Mdex,MDX
MEME/ETH,Memecoin,MEME
MEME/FDUSD,Memecoin,MEME
MEME/BNB,Memecoin,MEME
MEME/USDT,Memecoin,MEME
MEME/TRY,Memecoin,MEME
MEME/TUSD,Memecoin,MEME
MINA/BTC,Mina,MINA
MINA/USDT,Mina,MINA
MINA/TRY,Mina,MINA
MKR/USDT,Maker,MKR
MKR/BTC,Maker,MKR
MLN/BTC,Enzyme,MLN
MLN/USDT,Enzyme,MLN
MOB/USDT,MobileCoin,MOB
MOB/BTC,MobileCoin,MOB
MOVR/TRY,Moonriver,MOVR
MOVR/USDT,Moonriver,MOVR
MOVR/BTC,Moonriver,MOVR
MTL/BTC,Metal DAO,MTL
MTL/TRY,Metal DAO,MTL
MTL/USDT,Metal DAO,MTL
NEAR/TRY,NEAR Protocol,NEAR
NEAR/BNB,NEAR Protocol,NEAR
NEAR/BTC,NEAR Protocol,NEAR
NEAR/FDUSD,NEAR Protocol,NEAR
NEAR/EUR,NEAR Protocol,NEAR
NEAR/USDT,NEAR Protocol,NEAR
NEAR/ETH,NEAR Protocol,NEAR
NEO/BTC,Neo,NEO
NEO/USDT,Neo,NEO
NEO/TRY,Neo,NEO
NEXO/USDT,Nexo,NEXO
NEXO/BTC,Nexo,NEXO
NFP/TRY,NFPrompt,NFP
NFP/FDUSD,NFPrompt,NFP
NFP/USDT,NFPrompt,NFP
NFP/BTC,NFPrompt,NFP
NFP/TUSD,NFPrompt,NFP
NFP/BNB,NFPrompt,NFP
NKN/BTC,NKN,NKN
NKN/USDT,NKN,NKN
NMR/USDT,Numeraire,NMR
NMR/BTC,Numeraire,NMR
NTRN/USDT,Neutron,NTRN
NTRN/BNB,Neutron,NTRN
NTRN/TRY,Neutron,NTRN
NTRN/BTC,Neutron,NTRN
NULS/USDT,NULS,NULS
NULS/BTC,NULS,NULS
OAX/BTC,OAX,OAX
OAX/USDT,OAX,OAX
OCEAN/TRY,Ocean Protocol,OCEAN
OCEAN/BNB,Ocean Protocol,OCEAN
OCEAN/USDT,Ocean Protocol,OCEAN
OCEAN/BTC,Ocean Protocol,OCEAN
OG/TRY,OG Fan Token,OG
OG/USDT,OG Fan Token,OG
OG/BTC,OG Fan Token,OG
OGN/TRY,Origin Protocol,OGN
OGN/USDT,Origin Protocol,OGN
OGN/BTC,Origin Protocol,OGN
OM/BTC,MANTRA,OM
OM/TRY,MANTRA,OM
OM/USDT,MANTRA,OM
OMG/USDT,OMG Network,OMG
ONE/USDT,Harmony,ONE
ONE/BTC,Harmony,ONE
ONE/TRY,Harmony,ONE
ONG/BTC,Ontology Gas,ONG
ONG/USDT,Ontology Gas,ONG
ONT/USDT,Ontology,ONT
ONT/TRY,Ontology,ONT
ONT/BTC,Ontology,ONT
OOKI/USDT,Ooki Protocol,OOKI
OP/FDUSD,Optimism,OP
OP/ETH,Optimism,OP
OP/TRY,Optimism,OP
OP/TUSD,Optimism,OP
OP/BNB,Optimism,OP
OP/EUR,Optimism,OP
OP/USDT,Optimism,OP
OP/USDC,Optimism,OP
OP/BTC,Optimism,OP
ORDI/USDT,ORDI,ORDI
ORDI/TUSD,ORDI,ORDI
ORDI/TRY,ORDI,ORDI
ORDI/USDC,ORDI,ORDI
ORDI/FDUSD,ORDI,ORDI
ORDI/BTC,ORDI,ORDI
ORN/BTC,Orion,ORN
ORN/USDT,Orion,ORN
OSMO/BTC,Osmosis,OSMO
OSMO/USDT,Osmosis,OSMO
OXT/BTC,Orchid,OXT
OXT/USDT,Orchid,OXT
PAXG/BTC,PAX Gold,PAXG
PAXG/USDT,PAX Gold,PAXG
PAXG/TRY,PAX Gold,PAXG
PDA/BTC,PlayDapp,PDA
PDA/USDT,PlayDapp,PDA
PENDLE/TRY,Pendle,PENDLE
PENDLE/FDUSD,Pendle,PENDLE
PENDLE/BTC,Pendle,PENDLE
PENDLE/USDT,Pendle,PENDLE
PENDLE/TUSD,Pendle,PENDLE
PEOPLE/BTC,ConstitutionDAO,PEOPLE
PEOPLE/USDT,ConstitutionDAO,PEOPLE
PEPE/TRY,Pepe,PEPE
PEPE/FDUSD,Pepe,PEPE
PEPE/USDC,Pepe,PEPE
PEPE/TUSD,Pepe,PEPE
PEPE/USDT,Pepe,PEPE
PERP/USDT,Perpetual Protocol,PERP
PERP/BTC,Perpetual Protocol,PERP
PHA/BTC,Phala Network,PHA
PHA/USDT,Phala Network,PHA
PHB/BTC,Phoenix,PHB
PHB/USDT,Phoenix,PHB
PIVX/USDT,PIVX,PIVX
PIVX/BTC,PIVX,PIVX
PIXEL/BTC,Pixels,PIXEL
PIXEL/USDT,Pixels,PIXEL
PIXEL/USDC,Pixels,PIXEL
PIXEL/FDUSD,Pixels,PIXEL
PIXEL/TRY,Pixels,PIXEL
PIXEL/BNB,Pixels,PIXEL
PNT/USDT,pNetwork,PNT
POLS/USDT,Polkastarter,POLS
POLS/BNB,Polkastarter,POLS
POLYX/USDT,Polymesh,POLYX
POLYX/BTC,Polymesh,POLYX
POND/BTC,Marlin,POND
POND/USDT,Marlin,POND
PORTAL/TRY,Portal,PORTAL
PORTAL/USDT,Portal,PORTAL
PORTAL/FDUSD,Portal,PORTAL
PORTAL/BNB,Portal,PORTAL
PORTAL/BTC,Portal,PORTAL
PORTO/EUR,FC Porto Fan Token,PORTO
PORTO/TRY,FC Porto Fan Token,PORTO
PORTO/BTC,FC Porto Fan Token,PORTO
PORTO/USDT,FC Porto Fan Token,PORTO
POWR/BTC,Powerledger,POWR
POWR/USDT,Powerledger,POWR
POWR/ETH,Powerledger,POWR
PROM/USDT,Prom,PROM
PROM/BTC,Prom,PROM
PROS/USDT,Prosper,PROS
PSG/TRY,Paris Saint-Germain Fan Token,PSG
PSG/USDT,Paris Saint-Germain Fan Token,PSG
PUNDIX/USDT,Pundi X (New),PUNDIX
PYR/BTC,Vulcan Forged (PYR),PYR
PYR/USDT,Vulcan Forged (PYR),PYR
PYTH/USDT,Pyth Network,PYTH
PYTH/BTC,Pyth Network,PYTH
PYTH/TRY,Pyth Network,PYTH
PYTH/FDUSD,Pyth Network,PYTH
QI/BTC,BENQI,QI
QI/USDT,BENQI,QI
QKC/BTC,QuarkChain,QKC
QKC/USDT,QuarkChain,QKC
QNT/BTC,Quant,QNT
QNT/USDT,Quant,QNT
QTUM/ETH,Qtum,QTUM
QTUM/BTC,Qtum,QTUM
QTUM/USDT,Qtum,QTUM
QUICK/USDT,Quickswap [New],QUICK
QUICK/BTC,Quickswap [New],QUICK
RAD/USDT,Radworks,RAD
RAD/TRY,Radworks,RAD
RAD/BTC,Radworks,RAD
RARE/BTC,SuperRare,RARE
RARE/USDT,SuperRare,RARE
RARE/TRY,SuperRare,RARE
RAY/BNB,Raydium,RAY
RAY/USDT,Raydium,RAY
RDNT/USDT,Radiant Capital,RDNT
RDNT/TUSD,Radiant Capital,RDNT
RDNT/BTC,Radiant Capital,RDNT
REEF/TRY,Reef,REEF
REEF/USDT,Reef,REEF
REI/USDT,REI Network,REI
REN/BTC,Ren,REN
REN/USDT,Ren,REN
REQ/BTC,Request,REQ
REQ/USDT,Request,REQ
RIF/BTC,Rootstock Infrastructure Framework,RIF
RIF/USDT,Rootstock Infrastructure Framework,RIF
RLC/ETH,iExec RLC,RLC
RLC/BTC,iExec RLC,RLC
RLC/USDT,iExec RLC,RLC
RNDR/BTC,Render,RNDR
RNDR/USDT,Render,RNDR
RNDR/TRY,Render,RNDR
RNDR/FDUSD,Render,RNDR
RONIN/BTC,Ronin,RONIN
RONIN/USDT,Ronin,RONIN
RONIN/FDUSD,Ronin,RONIN
RONIN/TRY,Ronin,RONIN
ROSE/ETH,Oasis Network,ROSE
ROSE/USDT,Oasis Network,ROSE
ROSE/TRY,Oasis Network,ROSE
ROSE/BTC,Oasis Network,ROSE
ROSE/ETH,Oasis Network,ROSE
RPL/USDT,Rocket Pool,RPL
RSR/USDT,Reserve Rights,RSR
RUNE/ETH,THORChain,RUNE
RUNE/USDT,THORChain,RUNE
RUNE/FDUSD,THORChain,RUNE
RUNE/BNB,THORChain,RUNE
RUNE/TUSD,THORChain,RUNE
RUNE/BTC,THORChain,RUNE
RVN/USDT,Ravencoin,RVN
RVN/TRY,Ravencoin,RVN
RVN/BTC,Ravencoin,RVN
SAND/FDUSD,The Sandbox,SAND
SAND/BTC,The Sandbox,SAND
SAND/TRY,The Sandbox,SAND
SAND/BNB,The Sandbox,SAND
SAND/ETH,The Sandbox,SAND
SAND/USDT,The Sandbox,SAND
SANTOS/BTC,Santos FC Fan Token,SANTOS
SANTOS/USDT,Santos FC Fan Token,SANTOS
SANTOS/TRY,Santos FC Fan Token,SANTOS
SC/ETH,Siacoin,SC
SC/USDT,Siacoin,SC
SCRT/BTC,Secret,SCRT
SCRT/USDT,Secret,SCRT
SEI/USDC,Sei,SEI
SEI/TRY,Sei,SEI
SEI/FDUSD,Sei,SEI
SEI/BTC,Sei,SEI
SEI/BNB,Sei,SEI
SEI/USDT,Sei,SEI
SEI/TUSD,Sei,SEI
SFP/USDT,SafePal,SFP
SFP/BTC,SafePal,SFP
SHIB/USDT,Shiba Inu,SHIB
SHIB/TRY,Shiba Inu,SHIB
SHIB/EUR,Shiba Inu,SHIB
SHIB/USDC,Shiba Inu,SHIB
SHIB/BRL,Shiba Inu,SHIB
SHIB/DOGE,Shiba Inu,SHIB
SHIB/FDUSD,Shiba Inu,SHIB
SHIB/TUSD,Shiba Inu,SHIB
SKL/USDT,SKALE,SKL
SKL/BTC,SKALE,SKL
SKL/TRY,SKALE,SKL
SLP/TRY,Smooth Love Potion,SLP
SLP/ETH,Smooth Love Potion,SLP
SLP/USDT,Smooth Love Potion,SLP
SNT/USDT,Status,SNT
SNT/BTC,Status,SNT
SNT/ETH,Status,SNT
SNX/ETH,Synthetix,SNX
SNX/USDT,Synthetix,SNX
SNX/BTC,Synthetix,SNX
SOL/EUR,Solana,SOL
SOL/BRL,Solana,SOL
SOL/USDT,Solana,SOL
SOL/USDC,Solana,SOL
SOL/TRY,Solana,SOL
SOL/TUSD,Solana,SOL
SOL/FDUSD,Solana,SOL
SOL/BNB,Solana,SOL
SOL/ETH,Solana,SOL
SOL/BTC,Solana,SOL
SPELL/TRY,Spell Token,SPELL
SPELL/USDT,Spell Token,SPELL
SSV/BTC,ssv.network,SSV
SSV/TUSD,ssv.network,SSV
SSV/ETH,ssv.network,SSV
SSV/USDT,ssv.network,SSV
STEEM/BTC,Steem,STEEM
STEEM/USDT,Steem,STEEM
STEEM/ETH,Steem,STEEM
STG/BTC,Stargate Finance,STG
STG/USDT,Stargate Finance,STG
STMX/USDT,StormX,STMX
STORJ/TRY,Storj,STORJ
STORJ/BTC,Storj,STORJ
STORJ/USDT,Storj,STORJ
STPT/BTC,STP,STPT
STPT/USDT,STP,STPT
STRAX/USDT,Stratis,STRAX
STRAX/BTC,Stratis,STRAX
STRAX/TRY,Stratis,STRAX
STRK/USDT,Starknet,STRK
STRK/USDC,Starknet,STRK
STRK/FDUSD,Starknet,STRK
STRK/BTC,Starknet,STRK
STRK/TRY,Starknet,STRK
STX/USDT,Stacks,STX
STX/BTC,Stacks,STX
STX/BNB,Stacks,STX
STX/TRY,Stacks,STX
STX/FDUSD,Stacks,STX
SUI/USDC,Sui,SUI
SUI/EUR,Sui,SUI
SUI/TUSD,Sui,SUI
SUI/BTC,Sui,SUI
SUI/TRY,Sui,SUI
SUI/BNB,Sui,SUI
SUI/USDT,Sui,SUI
SUI/FDUSD,Sui,SUI
SUN/USDT,Sun (New),SUN
SUPER/USDT,SuperVerse,SUPER
SUPER/FDUSD,SuperVerse,SUPER
SUPER/BTC,SuperVerse,SUPER
SUPER/TRY,SuperVerse,SUPER
SUSHI/BTC,SushiSwap,SUSHI
SUSHI/USDT,SushiSwap,SUSHI
SXP/USDT,Solar,SXP
SXP/TRY,Solar,SXP
SXP/BNB,Solar,SXP
SXP/BTC,Solar,SXP
SYN/USDT,Synapse,SYN
SYN/BTC,Synapse,SYN
SYS/USDT,Syscoin,SYS
SYS/BTC,Syscoin,SYS
T/USDT,Threshold,T
TFUEL/BTC,Theta Fuel,TFUEL
TFUEL/USDT,Theta Fuel,TFUEL
THETA/ETH,Theta Network,THETA
THETA/TRY,Theta Network,THETA
THETA/FDUSD,Theta Network,THETA
THETA/BTC,Theta Network,THETA
THETA/USDT,Theta Network,THETA
TIA/TRY,Celestia,TIA
TIA/USDC,Celestia,TIA
TIA/USDT,Celestia,TIA
TIA/BTC,Celestia,TIA
TIA/FDUSD,Celestia,TIA
TIA/TUSD,Celestia,TIA
TKO/BTC,Toko Token,TKO
TKO/USDT,Toko Token,TKO
TLM/USDT,Alien Worlds,TLM
TLM/TRY,Alien Worlds,TLM
TLM/BTC,Alien Worlds,TLM
TRB/BTC,Tellor,TRB
TRB/TRY,Tellor,TRB
TRB/BTC,Tellor,TRB
TRB/USDT,Tellor,TRB
TROY/USDT,TROY,TROY
TRU/USDT,TrueFi,TRU
TRU/BTC,TrueFi,TRU
TRX/BNB,TRON,TRX
TRX/EUR,TRON,TRX
TRX/TRY,TRON,TRX
TRX/XRP,TRON,TRX
TRX/ETH,TRON,TRX
TRX/USDT,TRON,TRX
TRX/BTC,TRON,TRX
TUSD/USDT,TrueUSD,TUSD
TUSD/TRY,TrueUSD,TUSD
TWT/USDT,Trust Wallet Token,TWT
TWT/TRY,Trust Wallet Token,TWT
TWT/BTC,Trust Wallet Token,TWT
UFT/USDT,UniLend,UFT
UMA/BTC,UMA,UMA
UMA/TRY,UMA,UMA
UMA/USDT,UMA,UMA
UNFI/USDT,Unifi Protocol DAO,UNFI
UNFI/BTC,Unifi Protocol DAO,UNFI
UNFI/TRY,Unifi Protocol DAO,UNFI
UNI/ETH,Uniswap,UNI
UNI/BTC,Uniswap,UNI
UNI/FDUSD,Uniswap,UNI
UNI/BNB,Uniswap,UNI
UNI/TRY,Uniswap,UNI
UNI/USDT,Uniswap,UNI
UNI/USDC,Uniswap,UNI
USDC/USDT,USDC,USDC
USDP/USDT,Pax Dollar,USDP
USDT/UAH,Tether USDt,USDT
USDT/DAI,Tether USDt,USDT
USDT/NGN,Tether USDt,USDT
USDT/ZAR,Tether USDt,USDT
USDT/TRY,Tether USDt,USDT
USDT/IDRT,Tether USDt,USDT
USDT/BIDR,Tether USDt,USDT
USDT/RON,Tether USDt,USDT
USDT/PLN,Tether USDt,USDT
USDT/BRL,Tether USDt,USDT
USDT/ARS,Tether USDt,USDT
USTC/FDUSD,TerraClassicUSD,USTC
USTC/USDT,TerraClassicUSD,USTC
USTC/TRY,TerraClassicUSD,USTC
UTK/USDT,xMoney,UTK
UTK/BTC,xMoney,UTK
VANRY/BTC,Vanar Chain,VANRY
VANRY/USDT,Vanar Chain,VANRY
VANRY/TRY,Vanar Chain,VANRY
VET/EUR,VeChain,VET
VET/BTC,VeChain,VET
VET/USDT,VeChain,VET
VET/BNB,VeChain,VET
VET/ETH,VeChain,VET
VET/TRY,VeChain,VET
VGX/USDT,Voyager Token,VGX
VIB/USDT,Viberate,VIB
VIB/BTC,Viberate,VIB
VIC/BTC,Viction,VIC
VIC/USDT,Viction,VIC
VIC/TRY,Viction,VIC
VIDT/BTC,VIDT DAO,VIDT
VIDT/USDT,VIDT DAO,VIDT
VITE/BTC,VITE,VITE
VITE/USDT,VITE,VITE
VOXEL/BTC,Voxies,VOXEL
VOXEL/USDT,Voxies,VOXEL
VTHO/USDT,VeThor Token,VTHO
WAN/USDT,Wanchain,WAN
WAN/BTC,Wanchain,WAN
WAVES/ETH,Waves,WAVES
WAVES/USDT,Waves,WAVES
WAVES/BTC,Waves,WAVES
WAVES/TRY,Waves,WAVES
WAXP/BTC,WAX,WAXP
WAXP/USDT,WAX,WAXP
WBETH/ETH,Wrapped Beacon ETH,WBETH
WBETH/USDT,Wrapped Beacon ETH,WBETH
WBTC/USDT,Wrapped Bitcoin,WBTC
WBTC/ETH,Wrapped Bitcoin,WBTC
WBTC/BTC,Wrapped Bitcoin,WBTC
WIF/FDUSD,dogwifhat,WIF
WIF/BTC,dogwifhat,WIF
WIF/USDT,dogwifhat,WIF
WIF/TRY,dogwifhat,WIF
WIN/TRX,WINkLink,WIN
WIN/BNB,WINkLink,WIN
WIN/USDT,WINkLink,WIN
WIN/EUR,WINkLink,WIN
WIN/BRL,WINkLink,WIN
WING/BTC,Wing Finance,WING
WING/USDT,Wing Finance,WING
WLD/USDT,Worldcoin,WLD
WLD/FDUSD,Worldcoin,WLD
WLD/USDC,Worldcoin,WLD
WLD/TRY,Worldcoin,WLD
WLD/BTC,Worldcoin,WLD
WNXM/USDT,Wrapped NXM,WNXM
WOO/BTC,WOO,WOO
WOO/USDT,WOO,WOO
WRX/USDT,WazirX,WRX
XAI/TUSD,Xai,XAI
XAI/BNB,Xai,XAI
XAI/FDUSD,Xai,XAI
XAI/BTC,Xai,XAI
XAI/TRY,Xai,XAI
XAI/USDT,Xai,XAI
XEC/USDT,eCash,XEC
XEC/TRY,eCash,XEC
XEM/USDT,NEM,XEM
XLM/BNB,Stellar,XLM
XLM/ETH,Stellar,XLM
XLM/BTC,Stellar,XLM
XLM/EUR,Stellar,XLM
XLM/USDT,Stellar,XLM
XLM/TRY,Stellar,XLM
XNO/BTC,Nano,XNO
XNO/USDT,Nano,XNO
XRP/BRL,XRP,XRP
XRP/BTC,XRP,XRP
XRP/TRY,XRP,XRP
XRP/USDT,XRP,XRP
XRP/USDC,XRP,XRP
XRP/EUR,XRP,XRP
XRP/FDUSD,XRP,XRP
XRP/TUSD,XRP,XRP
XRP/ETH,XRP,XRP
XRP/BNB,XRP,XRP
XTZ/BTC,Tezos,XTZ
XTZ/USDT,Tezos,XTZ
XVG/TUSD,Verge,XVG
XVG/USDT,Verge,XVG
XVG/TRY,Verge,XVG
XVG/ETH,Verge,XVG
XVS/BNB,Venus,XVS
XVS/TRY,Venus,XVS
XVS/BTC,Venus,XVS
XVS/USDT,Venus,XVS
YFI/USDT,yearn.finance,YFI
YFI/BTC,yearn.finance,YFI
YGG/BTC,Yield Guild Games,YGG
YGG/USDT,Yield Guild Games,YGG
ZEC/BTC,Zcash,ZEC
ZEC/ETH,Zcash,ZEC
ZEC/USDT,Zcash,ZEC
ZEN/USDT,Horizen,ZEN
ZEN/BTC,Horizen,ZEN
ZEN/ETH,Horizen,ZEN
ZIL/USDT,Zilliqa,ZIL
ZIL/TRY,Zilliqa,ZIL
ZIL/BTC,Zilliqa,ZIL
ZIL/ETH,Zilliqa,ZIL
ZRX/USDT,0x Protocol,ZRX
ZRX/BTC,0x Protocol,ZRX
