pair,name,base
1CAT/USDT,Bitcoin Cats,1CAT
1EARTH/USDT,EarthFund,1EARTH
1INCH/USDT,1inch Network,1INCH
AA/USDT,A3S Protocol,AA
AAVE/BTC,Aave,AAVE
AAVE/USDT,Aave,AAVE
AAVE/KCS,Aave,AAVE
ABBC/USDT,ABBC Coin,ABBC
ABBC/BTC,ABBC Coin,ABBC
ACE/USDT,ACENT,ACE
ACH/USDT,Alchemy Pay,ACH
ACQ/USDT,Acquire.Fi,ACQ
ACQ/USDC,Acquire.Fi,ACQ
ACS/USDT,Access Protocol,ACS
ACT/USDT,Achain,ACT
ADA/KCS,Cardano,ADA
ADA/BTC,Cardano,ADA
ADA/USDC,Cardano,ADA
ADA/USDT,Cardano,ADA
ADS/USDT,Alkimi,ADS
ADS/BTC,Alkimi,ADS
ADX/USDT,AdEx,ADX
AEG/USDT,Aether Games,AEG
AERGO/USDT,Aergo,AERGO
AERGO/BTC,Aergo,AERGO
AFG/USDT,Army of Fortune Gem,AFG
AGIX/USDT,SingularityNET,AGIX
AGIX/BTC,SingularityNET,AGIX
AGIX/ETH,SingularityNET,AGIX
AGLD/USDT,Adventure Gold,AGLD
AI/USDT,Multiverse,AI
AIEPK/USDT,EpiK Protocol,AIEPK
AIOZ/USDT,AIOZ Network,AIOZ
AIPAD/USDT,AIPAD,AIPAD
AKRO/USDT,Akropolis,AKRO
AKRO/BTC,Akropolis,AKRO
AKT/USDT,Akash Network,AKT
ALEPH/USDT,Aleph.im,ALEPH
ALEX/USDT,ALEX Lab,ALEX
ALGO/KCS,Algorand,ALGO
ALGO/USDT,Algorand,ALGO
ALGO/USDC,Algorand,ALGO
ALGO/ETH,Algorand,ALGO
ALGO/BTC,Algorand,ALGO
ALICE/ETH,MyNeighborAlice,ALICE
ALICE/USDT,MyNeighborAlice,ALICE
ALICE/BTC,MyNeighborAlice,ALICE
ALPHA/USDT,Stella,ALPHA
ALPINE/USDT,Alpine F1 Team Fan Token,ALPINE
ALT/USDT,AptosLaunch Token,ALT
AMB/USDT,AirDAO,AMB
AMB/ETH,AirDAO,AMB
AMB/BTC,AirDAO,AMB
AMP/USDT,Amp,AMP
AMPL/ETH,Ampleforth,AMPL
AMPL/USDT,Ampleforth,AMPL
AMPL/BTC,Ampleforth,AMPL
AMU/USDT,Amulet,AMU
ANALOS/USDT,analoS,ANALOS
ANKR/USDT,Ankr,ANKR
ANKR/BTC,Ankr,ANKR
AOG/USDT,AgeOfGods,AOG
APE/USDT,ApeCoin,APE
APE/USDC,ApeCoin,APE
API3/USDT,API3,API3
APP/USDT,Moon App,APP
APT/USDT,Aptos,APT
AR/BTC,Arweave,AR
AR/USDT,Arweave,AR
ARB/USDT,Arbitrum,ARB
ARKER/USDT,Arker,ARKER
ARKM/USDT,Arkham,ARKM
ARPA/USDT,ARPA,ARPA
ARTY/USDT,Artyfact,ARTY
ARX/USDT,ARCS,ARX
ASD/USDT,ASD,ASD
ASTR/BTC,Astar,ASTR
ASTR/USDT,Astar,ASTR
ASTRA/USDT,ASTRA Protocol,ASTRA
ATA/BTC,Automata Network,ATA
ATA/USDT,Automata Network,ATA
ATEM/USDT,Atem Network,ATEM
ATOM/KCS,Cosmos,ATOM
ATOM/ETH,Cosmos,ATOM
ATOM/USDC,Cosmos,ATOM
ATOM/BTC,Cosmos,ATOM
ATOM/USDT,Cosmos,ATOM
ATOR/USDT,ATOR Protocol,ATOR
AUCTION/USDT,Bounce Token,AUCTION
AUDIO/USDT,Audius,AUDIO
AUDIO/BTC,Audius,AUDIO
AURORA/USDT,Aurora,AURORA
AURY/USDT,Aurory,AURY
AVA/BTC,AVA,AVA
AVA/USDT,AVA,AVA
AVA/ETH,AVA,AVA
AVAX/BTC,Avalanche,AVAX
AVAX/USDC,Avalanche,AVAX
AVAX/USDT,Avalanche,AVAX
AXS/USDT,Axie Infinity,AXS
AZERO/USDT,Aleph Zero,AZERO
BABYDOGE/USDT,Baby Doge Coin,BABYDOGE
BAL/ETH,Balancer,BAL
BAL/USDT,Balancer,BAL
BAL/BTC,Balancer,BAL
BAND/BTC,Band Protocol,BAND
BAND/USDT,Band Protocol,BAND
BAT/USDT,Basic Attention Token,BAT
BAX/USDT,BABB,BAX
BAX/BTC,BABB,BAX
BAX/ETH,BABB,BAX
BBL/USDT,beoble,BBL
BCH/USDC,Bitcoin Cash,BCH
BCH/KCS,Bitcoin Cash,BCH
BCH/USDT,Bitcoin Cash,BCH
BCH/BTC,Bitcoin Cash,BCH
BCHSV/USDT,Bitcoin SV,BCHSV
BCHSV/USDC,Bitcoin SV,BCHSV
BCHSV/BTC,Bitcoin SV,BCHSV
BCHSV/ETH,Bitcoin SV,BCHSV
BCUT/USDT,bitsCrunch,BCUT
BDX/BTC,Beldex,BDX
BDX/USDT,Beldex,BDX
BEAT/USDT,MetaBeat,BEAT
BEPRO/USDT,Bepro,BEPRO
BEPRO/BTC,Bepro,BEPRO
BFC/USDT,Bifrost,BFC
BICO/USDT,Biconomy,BICO
BIFI/USDT,BiFi,BIFI
BIGTIME/USDT,Big Time,BIGTIME
BIIS/USDT,biis (Ordinals),BIIS
BLOK/USDT,Bloktopia,BLOK
BLUR/USDT,Blur,BLUR
BLZ/USDT,Bluzelle,BLZ
BMX/USDT,BitMart Token,BMX
BNB/KCS,BNB,BNB
BNB/BTC,BNB,BNB
BNB/USDT,BNB,BNB
BNB/USDC,BNB,BNB
BNC/USDT,Bifrost,BNC
BOB/USDT,BOB,BOB
BOBA/USDT,Boba Network,BOBA
BOLT/BTC,BOLT,BOLT
BOLT/USDT,BOLT,BOLT
BOND/USDT,BarnBridge,BOND
BONDLY/USDT,Forj (Bondly),BONDLY
BONDLY/ETH,Forj (Bondly),BONDLY
BONK/USDT,Bonk,BONK
BOSON/USDT,Boson Protocol,BOSON
BOSON/ETH,Boson Protocol,BOSON
BRISE/USDT,Bitgert,BRISE
BRWL/USDT,Blockchain Brawlers,BRWL
BSW/USDT,Biswap,BSW
BTC/USDC,Bitcoin,BTC
BTC/GBP,Bitcoin,BTC
BTC/EUR,Bitcoin,BTC
BTC/TUSD,Bitcoin,BTC
BTC/USDT,Bitcoin,BTC
BTC/BRL,Bitcoin,BTC
BTC/DAI,Bitcoin,BTC
BTT/USDT,BitTorrent (New),BTT
BULL/USDT,Bullieverse,BULL
BURGER/BTC,BurgerCities,BURGER
BURGER/USDT,BurgerCities,BURGER
C98/USDT,Coin98,C98
CAKE/USDT,PancakeSwap,CAKE
CANDY/USDT,Candy Pocket,CANDY
CAPP/ETH,Cappasity,CAPP
CAPP/BTC,Cappasity,CAPP
CAS/USDT,Cashaa,CAS
CAS/BTC,Cashaa,CAS
CCD/USDT,Concordium,CCD
CEEK/USDT,CEEK VR,CEEK
CELO/BTC,Celo,CELO
CELO/USDT,Celo,CELO
CELR/USDT,Celer Network,CELR
CERE/USDT,Cere Network,CERE
CETUS/USDT,Cetus Protocol,CETUS
CFG/BTC,Centrifuge,CFG
CFG/USDT,Centrifuge,CFG
CFX/USDT,Conflux,CFX
CFX/USDT,Conflux,CFX
CGPT/USDT,ChainGPT,CGPT
CHMB/USDT,Chumbi Valley,CHMB
CHR/USDT,Chromia,CHR
CHR/BTC,Chromia,CHR
CHZ/USDT,Chiliz,CHZ
CHZ/BTC,Chiliz,CHZ
CIRUS/USDT,Cirus Foundation,CIRUS
CKB/BTC,Nervos Network,CKB
CKB/USDT,Nervos Network,CKB
CLH/USDT,ClearDAO,CLH
CLV/USDT,CLV,CLV
CMP/USDT,Caduceus,CMP
COMBO/USDT,COMBO,COMBO
COMP/USDT,Compound,COMP
COQ/USDT,Coq Inu,COQ
COTI/USDT,COTI,COTI
COTI/BTC,COTI,COTI
CPOOL/USDT,Clearpool,CPOOL
CQT/USDT,Covalent,CQT
CREAM/BTC,Cream Finance,CREAM
CREAM/USDT,Cream Finance,CREAM
CREDI/USDT,Credefi,CREDI
CRO/BTC,Cronos,CRO
CRO/USDT,Cronos,CRO
CRPT/ETH,Crypterium,CRPT
CRPT/USDT,Crypterium,CRPT
CRPT/BTC,Crypterium,CRPT
CRV/USDT,Curve DAO Token,CRV
CSIX/USDT,Carbon browser,CSIX
CSPR/ETH,Casper,CSPR
CSPR/USDT,Casper,CSPR
CTC/USDT,Creditcoin,CTC
CTC/BTC,Creditcoin,CTC
CTI/ETH,ClinTex CTi,CTI
CTI/USDT,ClinTex CTi,CTI
CTSI/USDT,Cartesi,CTSI
CTSI/BTC,Cartesi,CTSI
CUDOS/USDT,CUDOS,CUDOS
CUDOS/BTC,CUDOS,CUDOS
CULT/USDT,Cult DAO,CULT
CVC/BTC,Civic,CVC
CVX/USDT,Convex Finance,CVX
CWAR/USDT,Cryowar,CWAR
CWEB/USDT,Coinweb,CWEB
CWS/USDT,Seascape Crowns,CWS
CYBER/USDT,CyberConnect,CYBER
DAG/USDT,Constellation,DAG
DAG/BTC,Constellation,DAG
DAG/ETH,Constellation,DAG
DAO/USDT,DAO Maker,DAO
DAPPX/USDT,dAppstore,DAPPX
DAR/BTC,Mines of Dalarnia,DAR
DAR/USDT,Mines of Dalarnia,DAR
DASH/USDT,Dash,DASH
DASH/ETH,Dash,DASH
DASH/KCS,Dash,DASH
DASH/BTC,Dash,DASH
DATA/BTC,Streamr,DATA
DATA/USDT,Streamr,DATA
DC/USDT,Dogechain,DC
DCK/USDT,DexCheck,DCK
DCR/BTC,Decred,DCR
DCR/USDT,Decred,DCR
DECHAT/USDT,Dechat,DECHAT
DEFI/USDT,DeFi,DEFI
DEGO/ETH,Dego Finance,DEGO
DEGO/USDT,Dego Finance,DEGO
DENT/ETH,Dent,DENT
DERC/USDT,DeRace,DERC
DEXE/ETH,DeXe,DEXE
DEXE/BTC,DeXe,DEXE
DEXE/USDT,DeXe,DEXE
DFI/USDT,DeFiChain,DFI
DFI/BTC,DeFiChain,DFI
DFYN/USDT,Dfyn Network,DFYN
DGB/BTC,DigiByte,DGB
DGB/ETH,DigiByte,DGB
DGB/USDT,DigiByte,DGB
DIA/BTC,DIA,DIA
DIA/USDT,DIA,DIA
DIVI/USDT,Divi,DIVI
DMAIL/USDT,DMAIL Network,DMAIL
DMTR/USDT,Dimitra,DMTR
DOCK/ETH,Dock,DOCK
DOCK/BTC,Dock,DOCK
DODO/USDT,DODO,DODO
DOGE/USDC,Dogecoin,DOGE
DOGE/BTC,Dogecoin,DOGE
DOGE/USDT,Dogecoin,DOGE
DOGE/KCS,Dogecoin,DOGE
DOSE/USDC,DOSE,DOSE
DOT/KCS,Polkadot,DOT
DOT/BTC,Polkadot,DOT
DOT/USDC,Polkadot,DOT
DOT/USDT,Polkadot,DOT
Dovi/USDT,Dovi(Ordinals),DOVI
DPET/USDT,My DeFi Pet,DPET
DPR/USDT,Deeper Network,DPR
DREAMS/USDT,Dreams Quest,DREAMS
DSLA/USDT,DSLA Protocol,DSLA
DSLA/BTC,DSLA Protocol,DSLA
DUSK/USDT,Dusk,DUSK
DVPN/USDT,Sentinel,DVPN
DYDX/USDT,dYdX (ethDYDX),DYDX
DYM/USDT,Dymension,DYM
DYP/USDT,Dypius [New],DYP
DYP/ETH,Dypius [New],DYP
ECOX/USDT,ECOx,ECOX
EDU/USDT,Open Campus,EDU
EGAME/BTC,EVERY GAME,EGAME
EGAME/USDT,EVERY GAME,EGAME
EGLD/USDT,MultiversX,EGLD
EGLD/BTC,MultiversX,EGLD
EGO/USDT,EGO,EGO
ELA/BTC,Elastos,ELA
ELA/USDT,Elastos,ELA
ELA/ETH,Elastos,ELA
ELF/BTC,aelf,ELF
ELF/USDT,aelf,ELF
ELON/USDT,Dogelon Mars,ELON
ENJ/BTC,Enjin Coin,ENJ
ENJ/ETH,Enjin Coin,ENJ
ENJ/USDT,Enjin Coin,ENJ
ENS/USDT,Ethereum Name Service,ENS
EOS/ETH,EOS,EOS
EOS/KCS,EOS,EOS
EOS/BTC,EOS,EOS
EOS/USDT,EOS,EOS
EOS/USDC,EOS,EOS
EOSC/USDT,EOS Force,EOSC
EPIK/USDT,EPIK Prime,EPIK
EPX/USDT,Ellipsis,EPX
EQX/BTC,EQIFI,EQX
EQX/USDT,EQIFI,EQX
ERG/USDT,Ergo,ERG
ERG/BTC,Ergo,ERG
ERN/USDT,Ethernity,ERN
ERN/BTC,Ethernity,ERN
ERTHA/USDT,Ertha,ERTHA
ETC/USDC,Ethereum Classic,ETC
ETC/BTC,Ethereum Classic,ETC
ETC/USDT,Ethereum Classic,ETC
ETC/ETH,Ethereum Classic,ETC
ETH/BRL,Ethereum,ETH
ETH/TUSD,Ethereum,ETH
ETH/GBP,Ethereum,ETH
ETH/DAI,Ethereum,ETH
ETH/EUR,Ethereum,ETH
ETH/USDT,Ethereum,ETH
ETH/USDC,Ethereum,ETH
ETH/BTC,Ethereum,ETH
ETHW/USDT,EthereumPoW,ETHW
EUL/USDT,Euler,EUL
EVER/USDT,Everscale,EVER
EWT/BTC,Energy Web Token,EWT
EWT/KCS,Energy Web Token,EWT
EWT/USDT,Energy Web Token,EWT
FCON/USDT,SpaceFalcon,FCON
FEAR/USDT,FEAR,FEAR
FET/ETH,Fetch.ai,FET
FET/USDT,Fetch.ai,FET
FET/BTC,Fetch.ai,FET
FIDA/USDT,Bonfida,FIDA
FIL/USDT,Filecoin,FIL
FINC/USDT,Finceptor,FINC
FIRE/USDT,Matr1x Fire,FIRE
FITFI/USDT,Step App,FITFI
FLAME/USDT,FireStarter,FLAME
FLIP/USDT,Chainflip,FLIP
FLOKI/USDT,FLOKI,FLOKI
FLOKI/USDC,FLOKI,FLOKI
FLOW/USDT,Flow,FLOW
FLOW/BTC,Flow,FLOW
FLR/USDT,Flare,FLR
FLR/USDC,Flare,FLR
FLUX/USDT,Flux,FLUX
FLUX/BTC,Flux,FLUX
FLY/USDT,Franklin,FLY
FORT/USDT,Forta,FORT
FORTH/USDT,Ampleforth Governance Token,FORTH
FORWARD/USDT,Forward Protocol,FORWARD
FRA/USDT,Fractal Network,FRA
FRM/USDT,Ferrum Network,FRM
FRONT/BTC,Frontier,FRONT
FRONT/USDT,Frontier,FRONT
FRR/USDT,Frontrow,FRR
FSN/USDT,Fusion,FSN
FT/USDT,FractonX,FT
FTG/USDT,OnGO,FTG
FTM/ETH,Fantom,FTM
FTM/USDT,Fantom,FTM
FTM/BTC,Fantom,FTM
FTM/USDC,Fantom,FTM
FTT/USDT,FTX Token,FTT
FTT/BTC,FTX Token,FTT
FX/ETH,Function X,FX
FX/BTC,Function X,FX
FXS/BTC,Frax Share,FXS
FXS/USDT,Frax Share,FXS
GAFI/USDT,GameFi.org,GAFI
GAL/USDT,Galxe,GAL
GALAX/USDT,Gala,GALAX
GARI/USDT,Gari Network,GARI
GAS/BTC,Gas,GAS
GAS/USDT,Gas,GAS
GEEQ/USDT,Geeq,GEEQ
GEM/USDT,Gemie,GEM
GFT/USDT,Gifto,GFT
GGG/USDT,Good Games Guild,GGG
GHX/USDT,GamerCoin,GHX
GLM/USDT,Golem,GLM
GLM/BTC,Golem,GLM
GLMR/BTC,Moonbeam,GLMR
GLMR/USDT,Moonbeam,GLMR
GLQ/USDT,Graphlinq Chain,GLQ
GLQ/BTC,Graphlinq Chain,GLQ
GMEE/USDT,GAMEE,GMEE
GMM/USDT,Gamium,GMM
GMT/USDT,GMT,GMT
GMT/USDC,GMT,GMT
GMX/USDT,GMX,GMX
GNS/USDT,Gains Network,GNS
GOAL/USDT,TopGoal,GOAL
GODS/USDT,Gods Unchained,GODS
GRAIL/USDT,Camelot Token,GRAIL
GRAPE/USDT,GrapeCoin,GRAPE
GRT/KCS,The Graph,GRT
GRT/USDT,The Graph,GRT
GST/USDT,Green Satoshi Token (SOL),GST
GTAI/USDT,GT Protocol,GTAI
GTC/USDT,Gitcoin,GTC
GTC/BTC,Gitcoin,GTC
H2O/USDT,H2O DAO,H2O
HAI/BTC,Hacken Token,HAI
HAI/USDT,Hacken Token,HAI
HAKA/USDT,TribeOne,HAKA
HALO/USDT,HALO NFT OFFICIAL,HALO
HAPI/USDT,HAPI Protocol,HAPI
HARD/USDT,Kava Lend,HARD
HBAR/BTC,Hedera,HBAR
HBAR/USDT,Hedera,HBAR
HBB/USDT,Hubble Protocol,HBB
HEART/USDT,Humans.ai,HEART
HEART/BTC,Humans.ai,HEART
HERO/USDT,Metahero,HERO
HFT/USDT,Hashflow,HFT
HFT/USDC,Hashflow,HFT
HIAZUKI/USDT,hiAZUKI,HIAZUKI
HIBAKC/USDT,hiBAKC,HIBAKC
HIBAYC/USDT,hiBAYC,HIBAYC
HIBEANZ/USDT,hiBEANZ,HIBEANZ
HIBIRDS/USDT,hiMOONBIRDS,HIBIRDS
HICLONEX/USDT,hiCLONEX,HICLONEX
HICOOLCATS/USDT,hiCOOLCATS,HICOOLCATS
HIDOODLES/USDT,hiDOODLES,HIDOODLES
HIENS3/USDT,hiENS3,HIENS3
HIENS4/USDT,hiENS4,HIENS4
HIFI/USDT,Hifi Finance,HIFI
HIFIDENZA/USDT,hiFIDENZA,HIFIDENZA
HIFLUF/USDT,hiFLUF,HIFLUF
HIFRIENDS/USDT,hiFRIENDS,HIFRIENDS
HIGAZERS/USDT,hiGAZERS,HIGAZERS
HIGH/USDT,Highstreet,HIGH
HIMAYC/USDT,hiMAYC,HIMAYC
HIMEEBITS/USDT,hiMEEBITS,HIMEEBITS
HIMFERS/USDT,hiMFERS,HIMFERS
HIOD/USDT,hiOD,HIOD
HIODBS/USDT,hiODBS,HIODBS
HIPENGUINS/USDT,hiPENGUINS,HIPENGUINS
HIPUNKS/USDT,hiPUNKS,HIPUNKS
HIRENGA/USDT,hiRENGA,HIRENGA
HISAND33/USDT,hiSAND33,HISAND33
HISEALS/USDT,hiSEALS,HISEALS
HISQUIGGLE/USDT,hiSQUIGGLE,HISQUIGGLE
HIUNDEAD/USDT,hiUNDEAD,HIUNDEAD
HIVALHALLA/USDT,hiVALHALLA,HIVALHALLA
HMND/USDT,Humanode,HMND
HNT/BTC,Helium,HNT
HNT/USDT,Helium,HNT
HON/USDT,Soul Society,HON
HOTCROSS/USDT,Hot Cross,HOTCROSS
HTR/BTC,Hathor,HTR
HTR/USDT,Hathor,HTR
HYDRA/USDT,Hydra,HYDRA
HYVE/BTC,Hyve,HYVE
HYVE/USDT,Hyve,HYVE
ICE/USDT,Ice Network,ICE
ICP/BTC,Internet Computer,ICP
ICP/USDT,Internet Computer,ICP
ICX/USDT,ICON,ICX
ID/USDT,SPACE ID,ID
IDEA/USDT,Ideaology,IDEA
IGU/USDT,IguVerse,IGU
IGU/BTC,IguVerse,IGU
ILV/USDT,Illuvium,ILV
IMX/USDT,Immutable,IMX
INFRA/USDT,Bware,INFRA
INJ/USDT,Injective,INJ
INJ/BTC,Injective,INJ
INSP/USDT,Inspect,INSP
IOI/USDT,IOI Token,IOI
IOST/BTC,IOST,IOST
IOST/USDT,IOST,IOST
IOST/ETH,IOST,IOST
IOTA/USDT,IOTA,IOTA
IOTA/BTC,IOTA,IOTA
IOTX/ETH,IoTeX,IOTX
IOTX/USDT,IoTeX,IOTX
IOTX/BTC,IoTeX,IOTX
IRL/USDT,Rebase GG,IRL
IRON/USDT,Iron Fish,IRON
ISLM/USDT,Islamic Coin,ISLM
ISP/USDT,Ispolink,ISP
ISSP/USDT,ISSP,ISSP
IZI/USDT,Izumi Finance,IZI
JAM/ETH,Geojam Token,JAM
JAM/USDT,Geojam Token,JAM
JASMY/USDT,JasmyCoin,JASMY
JASMY/USDC,JasmyCoin,JASMY
JST/USDT,JUST,JST
JTO/USDT,Jito,JTO
JUP/USDT,Jupiter,JUP
KAGI/USDT,Delysium,KAGI
KAI/BTC,KardiaChain,KAI
KAI/USDT,KardiaChain,KAI
KAI/ETH,KardiaChain,KAI
KARATE/USDT,Karate Combat,KARATE
KAS/USDT,Kaspa,KAS
KAVA/USDT,Kava,KAVA
KCS/ETH,KuCoin Token,KCS
KCS/USDT,KuCoin Token,KCS
KCS/BTC,KuCoin Token,KCS
KCS/USDC,KuCoin Token,KCS
KDA/BTC,Kadena,KDA
KDA/USDC,Kadena,KDA
KDA/USDT,Kadena,KDA
KEY/ETH,SelfKey,KEY
KEY/BTC,SelfKey,KEY
KICKS/USDT,GetKicks,KICKS
KING/USDT,Kingdomverse,KING
KLAY/USDT,Klaytn,KLAY
KLAY/BTC,Klaytn,KLAY
KLUB/USDT,KlubCoin,KLUB
KLV/USDT,Klever,KLV
KLV/TRX,Klever,KLV
KLV/BTC,Klever,KLV
KMA/USDT,Calamari Network,KMA
KMD/BTC,Komodo,KMD
KMD/USDT,Komodo,KMD
KNC/USDT,Kyber Network Crystal v2,KNC
KNC/BTC,Kyber Network Crystal v2,KNC
KNC/ETH,Kyber Network Crystal v2,KNC
KOK/USDT,KOK,KOK
KONO/USDT,Konomi Network,KONO
KRL/USDT,Kryll,KRL
KRL/BTC,Kryll,KRL
KSM/BTC,Kusama,KSM
KSM/USDT,Kusama,KSM
LABS/USDT,LABS Group,LABS
LABS/ETH,LABS Group,LABS
LADYS/USDT,Milady Meme Coin,LADYS
LAI/USDT,LayerAI,LAI
LAYER/USDT,UniLayer,LAYER
LAYER/BTC,UniLayer,LAYER
LBP/USDT,Launchblock.com,LBP
LBR/USDT,Lybra Finance,LBR
LDO/USDC,Lido DAO,LDO
LDO/USDT,Lido DAO,LDO
LENDS/USDT,Lends,LENDS
LIKE/USDT,Only1,LIKE
LINA/USDT,Linear Finance,LINA
LINA/BTC,Linear Finance,LINA
LINK/USDC,Chainlink,LINK
LINK/KCS,Chainlink,LINK
LINK/USDT,Chainlink,LINK
LINK/BTC,Chainlink,LINK
LIT/BTC,Litentry,LIT
LIT/USDT,Litentry,LIT
LITH/USDT,Lithium,LITH
LMR/USDT,Lumerin,LMR
LMWR/USDT,LimeWire,LMWR
LOCUS/USDT,Locus Chain,LOCUS
LOKA/USDT,League of Kingdoms Arena,LOKA
LOOKS/USDT,LooksRare,LOOKS
LOOM/BTC,Loom Network,LOOM
LPOOL/USDT,Launchpool,LPOOL
LPOOL/BTC,Launchpool,LPOOL
LPT/USDT,Livepeer,LPT
LQTY/USDT,Liquity,LQTY
LRC/USDT,Loopring,LRC
LRC/ETH,Loopring,LRC
LRC/BTC,Loopring,LRC
LSK/USDT,Lisk,LSK
LSK/ETH,Lisk,LSK
LSS/USDT,Lossless,LSS
LTC/ETH,Litecoin,LTC
LTC/BTC,Litecoin,LTC
LTC/KCS,Litecoin,LTC
LTC/USDC,Litecoin,LTC
LTC/USDT,Litecoin,LTC
LTO/USDT,LTO Network,LTO
LTO/BTC,LTO Network,LTO
LUNA/USDT,Terra,LUNA
LUNA/USDC,Terra,LUNA
LUNC/USDT,Terra Classic,LUNC
LUNC/USDC,Terra Classic,LUNC
LYM/ETH,Lympo,LYM
LYM/USDT,Lympo,LYM
LYX/ETH,LUKSO,LYX
LYX/USDT,LUKSO,LYX
MAGIC/USDT,Treasure,MAGIC
MAHA/BTC,MahaDAO,MAHA
MAHA/USDT,MahaDAO,MAHA
MAN/BTC,Matrix AI Network,MAN
MAN/USDT,Matrix AI Network,MAN
MANA/ETH,Decentraland,MANA
MANA/BTC,Decentraland,MANA
MANA/USDT,Decentraland,MANA
MANTA/USDT,Manta Network,MANTA
MAP/BTC,MAP Protocol,MAP
MAP/USDT,MAP Protocol,MAP
MARS4/USDT,MARS4,MARS4
MARSH/USDT,UnMarshal,MARSH
MASK/USDT,Mask Network,MASK
MATIC/USDT,Polygon,MATIC
MATIC/USDC,Polygon,MATIC
MATIC/BTC,Polygon,MATIC
MAV/USDT,Maverick Protocol,MAV
MAVIA/USDT,Heroes of Mavia,MAVIA
MBL/USDT,MovieBloc,MBL
MC/USDT,Mechaverse,MC
MELOS/USDT,Melos Studio,MELOS
MEME/USDT,Memecoin,MEME
METIS/USDT,Metis,METIS
MINA/USDT,Mina,MINA
MIND/USDT,Morpheus Labs,MIND
MJT/USDT,MojitoSwap,MJT
MJT/KCS,MojitoSwap,MJT
MKR/BTC,Maker,MKR
MKR/USDT,Maker,MKR
MKR/ETH,Maker,MKR
MLK/BTC,MiL.k,MLK
MLK/USDT,MiL.k,MLK
MLS/USDT,Metaland Shares,MLS
MM/USDT,MetaMecha,MM
MMM/USDT,Meta Merge,MMM
MNT/USDT,Mantle,MNT
MNW/USDT,Morpheus.Network,MNW
MOBILE/USDT,Helium Mobile,MOBILE
MONI/USDT,Monsta Infinite,MONI
MOVR/ETH,Moonriver,MOVR
MOVR/USDT,Moonriver,MOVR
MPLX/USDT,Metaplex,MPLX
MTL/USDT,Metal DAO,MTL
MTL/BTC,Metal DAO,MTL
MTRG/USDT,Meter Governance,MTRG
MTS/USDT,Metastrike,MTS
MTV/BTC,MultiVAC,MTV
MTV/USDT,MultiVAC,MTV
MTV/ETH,MultiVAC,MTV
MUBI/USDT,Multibit,MUBI
MV/USDT,GensoKishi Metaverse,MV
MXC/USDT,MXC,MXC
MXM/USDT,MixMob,MXM
MYRIA/USDT,Myria,MYRIA
MYRO/USDT,Myro,MYRO
NAKA/USDT,Nakamoto Games,NAKA
NAVI/USDT,Atlas Navi,NAVI
NAVX/USDT,NAVI Protocol,NAVX
NEAR/BTC,NEAR Protocol,NEAR
NEAR/USDT,NEAR Protocol,NEAR
NEAR/USDC,NEAR Protocol,NEAR
NEER/USDT,MNet Pioneer,NEER
NEO/BTC,Neo,NEO
NEO/USDT,Neo,NEO
NEO/KCS,Neo,NEO
NEO/ETH,Neo,NEO
NEON/USDT,Neon EVM,NEON
NETVR/USDT,Netvrk,NETVR
NFP/USDT,NFPrompt,NFP
NFT/TRX,APENFT,NFT
NFT/USDT,APENFT,NFT
NGC/USDT,NAGA,NGC
NGL/BTC,Gold Fever,NGL
NGL/USDT,Gold Fever,NGL
NHCT/USDT,Hurricane NFT,NHCT
NIM/USDT,Nimiq,NIM
NIM/ETH,Nimiq,NIM
NIM/BTC,Nimiq,NIM
NKN/BTC,NKN,NKN
NKN/USDT,NKN,NKN
NMR/BTC,Numeraire,NMR
NMR/USDT,Numeraire,NMR
NOIA/BTC,Syntropy,NOIA
NOIA/USDT,Syntropy,NOIA
NOM/USDT,Onomy Protocol,NOM
NORD/USDT,Nord Finance,NORD
NORD/BTC,Nord Finance,NORD
NTRN/USDT,Neutron,NTRN
NUM/USDT,Numbers Protocol,NUM
NWC/BTC,Newscrypto,NWC
NWC/USDT,Newscrypto,NWC
NXRA/ETH,AllianceBlock Nexera,NXRA
NXRA/USDT,AllianceBlock Nexera,NXRA
NYM/USDT,NYM,NYM
OAS/USDT,Oasys,OAS
OBI/USDT,Orbofi AI,OBI
OCEAN/BTC,Ocean Protocol,OCEAN
OCEAN/USDT,Ocean Protocol,OCEAN
OCEAN/ETH,Ocean Protocol,OCEAN
ODDZ/USDT,Oddz,ODDZ
OFN/USDT,Openfabric AI,OFN
OGN/USDT,Origin Protocol,OGN
OGN/BTC,Origin Protocol,OGN
OGV/USDT,Origin DeFi Governance,OGV
OLE/USDT,OpenLeverage,OLE
OLT/BTC,OneLedger,OLT
OLT/USDT,OneLedger,OLT
OM/BTC,MANTRA,OM
OM/USDT,MANTRA,OM
OMG/BTC,OMG Network,OMG
OMG/ETH,OMG Network,OMG
OMG/USDT,OMG Network,OMG
ONDO/USDT,Ondo,ONDO
ONE/BTC,Harmony,ONE
ONE/USDT,Harmony,ONE
ONT/USDT,Ontology,ONT
ONT/BTC,Ontology,ONT
ONT/ETH,Ontology,ONT
OOE/USDT,OpenOcean,OOE
OP/USDC,Optimism,OP
OP/USDT,Optimism,OP
OPUL/USDT,Opulous,OPUL
ORAI/USDT,Oraichain,ORAI
ORBS/USDT,Orbs,ORBS
ORBS/BTC,Orbs,ORBS
ORC/USDT,Orbit Chain,ORC
ORCA/USDT,Orca,ORCA
ORDI/USDT,ORDI,ORDI
ORN/USDT,Orion,ORN
OSMO/USDT,Osmosis,OSMO
OTK/USDT,Octokn,OTK
OUSD/USDT,Origin Dollar,OUSD
OUSD/BTC,Origin Dollar,OUSD
OVR/USDT,OVR,OVR
OXT/ETH,Orchid,OXT
OXT/USDT,Orchid,OXT
OXT/BTC,Orchid,OXT
PANDORA/USDT,Pandora,PANDORA
PAXG/BTC,PAX Gold,PAXG
PAXG/USDT,PAX Gold,PAXG
PBR/USDT,PolkaBridge,PBR
PBR/USDT,PolkaBridge,PBR
PBX/USDT,Paribus,PBX
PDEX/USDT,Polkadex,PDEX
PDEX/BTC,Polkadex,PDEX
PEL/USDT,Propel,PEL
PENDLE/USDT,Pendle,PENDLE
PEOPLE/USDT,ConstitutionDAO,PEOPLE
PEPE/USDT,Pepe,PEPE
PEPE2/USDT,Pepe 2.0,PEPE2
PERP/BTC,Perpetual Protocol,PERP
PERP/USDT,Perpetual Protocol,PERP
PHA/ETH,Phala Network,PHA
PHA/USDT,Phala Network,PHA
PIP/USDT,Pip,PIP
PIX/USDT,Pixie,PIX
PLU/USDT,Pluton,PLU
PMG/USDT,Pomerium,PMG
PMON/USDT,Polychain Monsters,PMON
POKT/USDT,Pocket Network,POKT
POL/USDT,Polygon Ecosystem Token,POL
POLC/USDT,Polkacity,POLC
POLK/BTC,Polkamarkets,POLK
POLK/USDT,Polkamarkets,POLK
POLS/USDT,Polkastarter,POLS
POLS/BTC,Polkastarter,POLS
POLX/USDT,Polylastic,POLX
POLYX/USDT,Polymesh,POLYX
POND/BTC,Marlin,POND
POND/USDT,Marlin,POND
PORT3/USDT,Port3 Network,PORT3
PORTAL/USDT,Portal,PORTAL
PRE/BTC,Presearch,PRE
PRE/USDT,Presearch,PRE
PROM/BTC,Prom,PROM
PROM/USDT,Prom,PROM
PRQ/USDT,PARSIQ,PRQ
PSL/USDT,Pastel,PSL
PSTAKE/USDT,pSTAKE Finance,PSTAKE
PUMLX/USDT,PUMLx,PUMLX
PUNDIX/USDT,Pundi X (New),PUNDIX
PUNDIX/BTC,Pundi X (New),PUNDIX
PUSH/USDT,Push Protocol,PUSH
PUSH/BTC,Push Protocol,PUSH
PYR/USDT,Vulcan Forged (PYR),PYR
PYR/BTC,Vulcan Forged (PYR),PYR
PYTH/USDT,Pyth Network,PYTH
PYUSD/USDT,PayPal USD,PYUSD
PZP/USDT,PlayZap,PZP
QI/USDT,BENQI,QI
QI/BTC,BENQI,QI
QKC/USDT,QuarkChain,QKC
QKC/BTC,QuarkChain,QKC
QNT/USDT,Quant,QNT
QORPO/USDT,QORPO WORLD,QORPO
QRDO/ETH,Qredo,QRDO
QRDO/USDT,Qredo,QRDO
QTUM/BTC,Qtum,QTUM
QUICK/USDT,Quickswap [New],QUICK
RACA/USDT,RACA,RACA
RANKER/USDT,RankerDAO,RANKER
rats/USDT,rats (Ordinals),RATS
RAY/USDT,Raydium,RAY
RBP/USDT,Pikaster,RBP
RDNT/USDT,Radiant Capital,RDNT
REAP/USDT,ReapChain,REAP
REEF/BTC,Reef,REEF
REEF/USDT,Reef,REEF
REN/USDT,Ren,REN
REQ/BTC,Request,REQ
REQ/USDT,Request,REQ
REQ/ETH,Request,REQ
REV3L/USDT,REV3AL,REV3L
REVU/USDT,Revuto,REVU
REVV/USDT,REVV,REVV
RFD/USDT,RefundCoin,RFD
RFOX/USDT,RFOX,RFOX
RLC/BTC,iExec RLC,RLC
RLC/USDT,iExec RLC,RLC
RMRK/USDT,RMRK,RMRK
RNDR/USDT,Render,RNDR
RNDR/BTC,Render,RNDR
ROOBEE/BTC,ROOBEE,ROOBEE
ROOT/USDT,The Root Network,ROOT
ROSE/USDT,Oasis Network,ROSE
ROUP/USDT,roup (Ordinals),ROUP
ROUTE/USDT,Router Protocol,ROUTE
RPK/USDT,RepubliK,RPK
RPL/USDT,Rocket Pool,RPL
RSR/USDT,Reserve Rights,RSR
RSR/BTC,Reserve Rights,RSR
RUNE/USDT,THORChain,RUNE
RUNE/USDC,THORChain,RUNE
RUNE/BTC,THORChain,RUNE
RVN/USDT,Ravencoin,RVN
SAND/USDT,The Sandbox,SAND
SAROS/USDT,Saros,SAROS
SATS/USDT,SATS (Ordinals),SATS
SAVM/USDT,SatoshiVM,SAVM
SCLP/BTC,Scallop,SCLP
SCLP/USDT,Scallop,SCLP
SCPT/USDT,Script Network,SCPT
SCRT/BTC,Secret,SCRT
SCRT/USDT,Secret,SCRT
SD/USDT,Stader,SD
SDAO/ETH,SingularityDAO,SDAO
SDAO/USDT,SingularityDAO,SDAO
SEAM/USDT,Seamless,SEAM
SEI/USDT,Sei,SEI
SENSO/USDT,SENSO,SENSO
SENSO/BTC,SENSO,SENSO
SFP/USDT,SafePal,SFP
SFP/BTC,SafePal,SFP
SFUND/USDT,Seedify.fund,SFUND
SHA/USDT,Safe Haven,SHA
SHA/BTC,Safe Haven,SHA
SHIB/USDT,Shiba Inu,SHIB
SHIB/USDC,Shiba Inu,SHIB
SHIB/DOGE,Shiba Inu,SHIB
SHILL/USDT,SHILL Token,SHILL
SHR/BTC,ShareToken,SHR
SHR/USDT,ShareToken,SHR
SHRAP/USDT,Shrapnel,SHRAP
SIDUS/USDT,SIDUS,SIDUS
SILLY/USDT,Silly Dragon,SILLY
SIMP/USDT,SO-COL,SIMP
SIN/USDT,Sinverse,SIN
SKEY/USDT,Skey Network,SKEY
SKL/BTC,SKALE,SKL
SKL/USDT,SKALE,SKL
SLIM/USDT,Solanium,SLIM
SLN/USDT,Smart Layer Network,SLN
SLP/USDT,Smooth Love Potion,SLP
SNS/USDT,Sonorus,SNS
SNX/ETH,Synthetix,SNX
SNX/BTC,Synthetix,SNX
SNX/USDT,Synthetix,SNX
SOL/USDC,Solana,SOL
SOL/USDT,Solana,SOL
SOLR/USDT,RazrFi,SOLR
SOLS/USDT,sols,SOLS
SOLVE/USDT,SOLVE,SOLVE
SOLVE/BTC,SOLVE,SOLVE
SON/USDT,SOUNI,SON
SOUL/USDT,Phantasma,SOUL
SOUL/BTC,Phantasma,SOUL
SOUL/ETH,Phantasma,SOUL
SPA/USDT,Sperax,SPA
SPA/ETH,Sperax,SPA
SQUAD/USDT,Superpower Squad,SQUAD
SRBP/USDT,Pikaster,SRBP
SSV/USDT,ssv.network,SSV
STAMP/USDT,STAMP,STAMP
STARLY/USDT,Starly,STARLY
STC/BTC,Student Coin,STC
STC/USDT,Student Coin,STC
STG/USDT,Stargate Finance,STG
STND/ETH,Standard,STND
STND/USDT,Standard,STND
STORE/USDT,Bit.Store,STORE
STORJ/BTC,Storj,STORJ
STORJ/USDT,Storj,STORJ
STORJ/ETH,Storj,STORJ
STRAX/USDT,Stratis,STRAX
STRIKE/USDT,Strike,STRIKE
STRIKE/BTC,Strike,STRIKE
STRK/USDT,Starknet,STRK
STX/USDT,Stacks,STX
STX/BTC,Stacks,STX
SUIA/USDT,SUIA,SUIA
SUIP/USDT,SuiPad,SUIP
SUKU/BTC,Suku,SUKU
SUKU/USDT,Suku,SUKU
SUN/USDT,Sun (New),SUN
SUPER/BTC,SuperVerse,SUPER
SUPER/USDT,SuperVerse,SUPER
SUSHI/USDT,SushiSwap,SUSHI
SUTER/USDT,suterusu,SUTER
SWASH/USDT,Swash,SWASH
SWEAT/USDT,Sweat Economy,SWEAT
SWFTC/USDT,SwftCoin,SWFTC
SWFTC/USDC,SwftCoin,SWFTC
SXP/USDT,Solar,SXP
SXP/BTC,Solar,SXP
SYLO/USDT,Sylo,SYLO
SYN/USDT,Synapse,SYN
SYS/BTC,Syscoin,SYS
SYS/USDT,Syscoin,SYS
T/USDT,Threshold,T
TADA/USDT,Ta-da,TADA
TAO/USDT,Bittensor,TAO
TARA/ETH,Taraxa,TARA
TARA/USDT,Taraxa,TARA
TEL/BTC,Telcoin,TEL
TEL/USDT,Telcoin,TEL
TEL/ETH,Telcoin,TEL
TENET/USDT,TENET,TENET
TFUEL/USDT,Theta Fuel,TFUEL
TFUEL/BTC,Theta Fuel,TFUEL
THETA/USDT,Theta Network,THETA
TIA/USDT,Celestia,TIA
TIDAL/USDT,Tidal Finance,TIDAL
TIME/ETH,Chrono.tech,TIME
TIME/BTC,Chrono.tech,TIME
TIME/USDT,Chrono.tech,TIME
TLM/USDT,Alien Worlds,TLM
TLM/ETH,Alien Worlds,TLM
TLM/BTC,Alien Worlds,TLM
TLOS/USDT,Telos,TLOS
TLOS/BTC,Telos,TLOS
TOKEN/USDT,TokenFi,TOKEN
TOKO/BTC,Tokoin,TOKO
TOKO/USDT,Tokoin,TOKO
TOKO/KCS,Tokoin,TOKO
TOMI/USDT,tomiNet,TOMI
TON/USDT,Toncoin,TON
TOWER/USDT,TOWER,TOWER
TRAC/ETH,OriginTrail,TRAC
TRAC/USDT,OriginTrail,TRAC
TRAC/BTC,OriginTrail,TRAC
TRADE/BTC,Polytrade,TRADE
TRADE/USDT,Polytrade,TRADE
TRB/USDT,Tellor,TRB
TRB/BTC,Tellor,TRB
TRIAS/USDT,Trias Token (New),TRIAS
TRIAS/BTC,Trias Token (New),TRIAS
TRIBL/USDT,Tribal Finance,TRIBL
TRU/BTC,TrueFi,TRU
TRU/USDT,TrueFi,TRU
TRVL/BTC,TRVL,TRVL
TRVL/USDT,TRVL,TRVL
TRX/BTC,TRON,TRX
TRX/USDT,TRON,TRX
TRX/ETH,TRON,TRX
TRX/USDC,TRON,TRX
TRX/KCS,TRON,TRX
TSUGT/USDT,Captain Tsubasa,TSUGT
TT/USDT,ThunderCore,TT
TUNE/USDT,Bitune,TUNE
TURBOS/USDT,Turbos Finance,TURBOS
TURT/USDT,TurtSat,TURT
TWT/BTC,Trust Wallet Token,TWT
TWT/USDT,Trust Wallet Token,TWT
TXA/USDC,Project TXA,TXA
TXA/USDT,Project TXA,TXA
UFO/USDT,UFO Gaming,UFO
UMA/USDT,UMA,UMA
UNB/USDT,Unbound,UNB
UNFI/USDT,Unifi Protocol DAO,UNFI
UNI/USDT,Uniswap,UNI
UNI/KCS,Uniswap,UNI
UNO/USDT,Uno Re,UNO
UNO/BTC,Uno Re,UNO
UOS/BTC,Ultra,UOS
UOS/USDT,Ultra,UOS
UPO/USDT,UpOnly,UPO
UQC/ETH,Uquid Coin,UQC
UQC/USDT,Uquid Coin,UQC
USDC/USDT,USDC,USDC
USDD/USDC,USDD,USDD
USDD/TRX,USDD,USDD
USDD/USDT,USDD,USDD
USDJ/USDT,USDJ,USDJ
USDP/USDT,Pax Dollar,USDP
USDT/TUSD,Tether USDt,USDT
USDT/BRL,Tether USDt,USDT
USDT/DAI,Tether USDt,USDT
USDT/GBP,Tether USDt,USDT
USDT/USDC,Tether USDt,USDT
USTC/USDT,TerraClassicUSD,USTC
USTC/USDC,TerraClassicUSD,USTC
UTK/BTC,xMoney,UTK
UTK/USDT,xMoney,UTK
UTK/ETH,xMoney,UTK
VAI/USDT,VAIOT,VAI
VCORE/USDT,IMVU,VCORE
VEGA/ETH,Vega Protocol,VEGA
VEGA/USDT,Vega Protocol,VEGA
VELO/USDT,Velo,VELO
VEMP/USDC,VEMP,VEMP
VERSE/USDT,Verse,VERSE
VET/USDT,VeChain,VET
VET/KCS,VeChain,VET
VET/ETH,VeChain,VET
VET/BTC,VeChain,VET
VIDT/USDT,VIDT DAO,VIDT
VISION/USDT,VisionGame,VISION
VLX/BTC,Velas,VLX
VLX/USDT,Velas,VLX
VOLT/USDT,Volt Inu,VOLT
VOXEL/USDT,Voxies,VOXEL
VOXEL/ETH,Voxies,VOXEL
VR/USDT,Victoria VR,VR
VRA/USDC,Verasity,VRA
VRA/BTC,Verasity,VRA
VRA/USDT,Verasity,VRA
VRTX/USDT,Vertex Protocol,VRTX
VSYS/USDT,v.systems,VSYS
VSYS/BTC,v.systems,VSYS
VXV/USDT,Vectorspace AI,VXV
WAN/ETH,Wanchain,WAN
WAN/BTC,Wanchain,WAN
WAVES/USDT,Waves,WAVES
WAVES/BTC,Waves,WAVES
WAX/ETH,WAX,WAX
WAX/USDT,WAX,WAX
WAX/BTC,WAX,WAX
WAXL/USDT,Axelar,WAXL
WBTC/BTC,Wrapped Bitcoin,WBTC
WBTC/USDT,Wrapped Bitcoin,WBTC
WELL/USDT,Moonwell,WELL
WEMIX/USDT,WEMIX,WEMIX
WEN/USDT,Wen,WEN
WEST/BTC,Waves Enterprise,WEST
WEST/USDT,Waves Enterprise,WEST
WHALE/USDT,WHALE,WHALE
WIF/USDT,dogwifhat,WIF
WILD/USDT,Wilder World,WILD
WIN/TRX,WINkLink,WIN
WIN/USDT,WINkLink,WIN
WIN/BTC,WINkLink,WIN
WLD/USDT,Worldcoin,WLD
WLKN/USDT,Walken,WLKN
WMT/USDT,World Mobile Token,WMT
WOMBAT/USDT,Wombat Web 3 Gaming Platform,WOMBAT
WOO/USDT,WOO,WOO
WOOP/USDT,Woonkly Power,WOOP
WORK/USDT,Work X,WORK
WRX/BTC,WazirX,WRX
WRX/USDT,WazirX,WRX
XAI/USDT,Xai,XAI
XAVA/USDT,Avalaunch,XAVA
XCAD/USDT,XCAD Network,XCAD
XCH/USDT,Chia,XCH
XCN/USDT,Onyxcoin,XCN
XCN/BTC,Onyxcoin,XCN
XCUR/USDT,Curate,XCUR
XCUR/BTC,Curate,XCUR
XCV/USDT,XCarnival,XCV
XDB/USDT,XDB CHAIN,XDB
XDB/BTC,XDB CHAIN,XDB
XDC/ETH,XDC Network,XDC
XDC/BTC,XDC Network,XDC
XDC/USDT,XDC Network,XDC
XDEFI/USDT,XDEFI Wallet,XDEFI
XEC/USDT,eCash,XEC
XEM/BTC,NEM,XEM
XEM/USDT,NEM,XEM
XEN/USDT,XEN Crypto,XEN
XETA/USDT,XANA,XETA
XLM/BTC,Stellar,XLM
XLM/USDT,Stellar,XLM
XLM/KCS,Stellar,XLM
XLM/ETH,Stellar,XLM
XMR/ETH,Monero,XMR
XMR/BTC,Monero,XMR
XMR/USDT,Monero,XMR
XNL/USDT,Chronicle,XNL
XNO/BTC,Nano,XNO
XNO/USDT,Nano,XNO
XPLL/USDT,ParallelChain,XPLL
XPR/BTC,XPR Network,XPR
XPR/USDT,XPR Network,XPR
XPRT/USDT,Persistence One,XPRT
XRD/USDT,Radix,XRD
XRP/ETH,XRP,XRP
XRP/USDT,XRP,XRP
XRP/BTC,XRP,XRP
XRP/USDC,XRP,XRP
XRP/KCS,XRP,XRP
XTAG/USDT,xHashtag,XTAG
XTM/USDT,Torum,XTM
XTZ/BTC,Tezos,XTZ
XTZ/USDT,Tezos,XTZ
XWG/USDT,X World Games,XWG
XYM/BTC,Symbol,XYM
XYM/USDT,Symbol,XYM
XYO/USDT,XYO,XYO
XYO/BTC,XYO,XYO
XYO/ETH,XYO,XYO
YFDAI/BTC,YFDAI.FINANCE,YFDAI
YFDAI/USDT,YFDAI.FINANCE,YFDAI
YFI/USDT,yearn.finance,YFI
YGG/USDT,Yield Guild Games,YGG
YLD/USDT,Yield App,YLD
ZBC/USDT,Zebec,ZBC
ZCX/USDT,Unizen,ZCX
ZCX/BTC,Unizen,ZCX
ZEC/BTC,Zcash,ZEC
ZEC/USDT,Zcash,ZEC
ZEC/KCS,Zcash,ZEC
ZEE/USDT,ZeroSwap,ZEE
ZELIX/USDT,ZELIX,ZELIX
ZEN/USDT,Horizen,ZEN
ZETA/USDT,ZetaChain,ZETA
ZIL/ETH,Zilliqa,ZIL
ZIL/USDT,Zilliqa,ZIL
ZIL/BTC,Zilliqa,ZIL
ZIL/USDC,Zilliqa,ZIL
ZKF/USDT,ZKFair,ZKF
ZPAY/USDT,ZoidPay,ZPAY
ZRX/BTC,0x Protocol,ZRX
ZRX/USDT,0x Protocol,ZRX
