pair,name,base
1CAT/USDT,Bitcoin Cats,1CAT
1INCH/USDT,1inch Network,1INCH
1MCT/USDT,MicroCreditToken,1MCT
3KM/USDT,3 Kingdoms Multiverse,3KM
3ULL/USDT,PLAYA3ULL GAMES,3ULL
404A/USDT,404Aliens,404A
5IRE/USDT,5ire,5IRE
AA/USDT,A3S Protocol,AA
AAA/USDT,Moon Rabbit,AAA
AAG/USDT,AAG,AAG
AAST/USDT,AASToken,AAST
AAVE/USDC,Aave,AAVE
AAVE/USDT,Aave,AAVE
ABBC/USDT,ABBC Coin,ABBC
ABC/USDT,Angry Bulls Club,ABC
ABEL/USDT,Abelian,ABEL
ABOND/USDT,ApeBond,ABOND
AC/USDT,ACoconut,AC
ACA/USDT,Acala Token,ACA
ACE/USDT,Fusionist,ACE
ACH/USDT,Alchemy Pay,ACH
ACM/USDT,AC Milan Fan Token,ACM
ACN/USDT,Acorn Protocol,ACN
ACQ/USDT,Acquire.Fi,ACQ
ACRIA/USDT,Acria.AI,ACRIA
ACS/USDT,Access Protocol,ACS
ACX/USDT,Across Protocol,ACX
ADA/USDT,Cardano,ADA
ADA/BTC,Cardano,ADA
ADA/USDC,Cardano,ADA
ADAX/USDT,ADAX,ADAX
ADF/USDT,Art de Finance,ADF
ADS/USDT,Alkimi,ADS
AE/USDT,Æternity,AE
AERGO/USDT,Aergo,AERGO
AES/USDT,Aree Shards,AES
AFC/USDT,Arsenal Fan Token,AFC
AGI/USDT,Delysium,AGI
AGII/USDT,AGII,AGII
AGIX/USDT,SingularityNET,AGIX
AGLD/USDT,Adventure Gold,AGLD
AGRO/USDT,Agro Global,AGRO
AI/USDT,Sleepless AI,AI
AIA/USDT,AIA Chain,AIA
AIAKITA/USDT,AiAkita,AIAKITA
AIAT/USDT,AI Analysis Token,AIAT
AIBB/USDT,BullBear AI,AIBB
AICODE/USDT,AI CODE,AICODE
AICORE/USDT,AICORE,AICORE
AIDOGE/USDT,ArbDoge AI,AIDOGE
AIDOGEXLM/USDT,AIDOGE Stellar,AIDOGEXLM
AIEPK/USDT,EpiK Protocol,AIEPK
AIKIRBY/USDT,Kirby CEO,AIKIRBY
AIMX/USDT,Mind Matrix,AIMX
AIN/USDT,AI Network,AIN
AIPAD/USDT,AIPAD,AIPAD
AIRB/USDT,BillionAir,AIRB
AIRI/USDT,aiRight,AIRI
AISWAP/USDT,AISwap,AISWAP
AIT/USDT,AiMalls,AIT
AITECH/USDT,Solidus Ai Tech,AITECH
AIX/USDT,Aigang,AIX
AKI/USDT,Aki Network,AKI
AKITA/USDT,Akita Inu,AKITA
AKITAX/USDT,Akitavax,AKITAX
AKRO/USDT,Akropolis,AKRO
ALEPH/USDT,Aleph.im,ALEPH
ALEX/USDT,ALEX Lab,ALEX
ALF/USDT,Alfprotocol,ALF
ALGB/USDT,Algebra,ALGB
ALGO/USDT,Algorand,ALGO
ALGO/USDC,Algorand,ALGO
ALI/USDT,Artificial Liquid Intelligence,ALI
ALICE/USDT,MyNeighborAlice,ALICE
ALLIN/USDT,All In,ALLIN
ALM/USDT,Alium Finance,ALM
ALPACA/USDT,Alpaca Finance,ALPACA
ALPH/USDT,Alephium,ALPH
ALPHA/USDT,Stella,ALPHA
ALPINE/USDT,Alpine F1 Team Fan Token,ALPINE
ALT/USDT,AptosLaunch Token,ALT
ALT0/USDT,ArchLoot,ALT0
ALTLAYER/USDT,Altlayer,ALTLAYER
ALU/USDT,Altura,ALU
AMA/USDT,Mrweb Finance (new),AMA
AMB/USDT,AirDAO,AMB
AMC/USDT,AI Meta Club,AMC
AME/USDT,AME Chain,AME
AMG/USDT,DeHeroGame Amazing Token,AMG
AMO/USDT,Amino,AMO
AMP/USDT,Amp,AMP
AMPL/USDT,Ampleforth,AMPL
AMPL/ETH,Ampleforth,AMPL
ANALOS/USDT,analoS,ANALOS
ANC/USDT,Anchor Protocol,ANC
ANKR/USDT,Ankr,ANKR
ANKR/BTC,Ankr,ANKR
ANKR/ETH,Ankr,ANKR
ANML/USDT,Animal Concerts,ANML
ANT/USDT,Aragon,ANT
ANTC/USDT,Kingdom of Ants,ANTC
APCG/USDT,ALLPAYCOIN,APCG
APD/USDT,Aptopad,APD
APE/USDT,ApeCoin,APE
APE/USDC,ApeCoin,APE
APED/USDT,APED,APED
APEX/USDT,ApeX Protocol,APEX
APFC/USDT,APF coin,APFC
API3/USDT,API3,API3
APN/USDT,Apron Network,APN
APP/USDT,Moon App,APP
APT/USDT,Aptos,APT
APX/USDT,APX,APX
APX1/USDT,AstroPepeX,APX1
AR/USDT,Arweave,AR
AR/ETH,Arweave,AR
ARB/USDT,Arbitrum,ARB
ARBGPT/USDT,ArbGPT,ARBGPT
ARBS/USDT,Arbswap,ARBS
ARC/USDT,ARC,ARC
ARCH/USDT,Archimedes Finance,ARCH
AREA/USDT,Areon Network,AREA
ARIX/USDT,Arix,ARIX
ARK/USDT,Ark,ARK
ARKM/USDT,Arkham,ARKM
ARPA/USDT,ARPA,ARPA
ARRR/USDT,Pirate Chain,ARRR
ARTI/USDT,ARTi Project,ARTI
ARTY/USDT,Artyfact,ARTY
ARV/USDT,Ariva,ARV
ARW/USDT,Arowana Token,ARW
ASM/USDT,AS Monaco Fan Token,ASM
ASMATCH/USDT,AsMatch,ASMATCH
ASS/USDT,Australian Safe Shepherd,ASS
ASTO/USDT,Altered State Token,ASTO
ASTR/USDT,Astar,ASTR
ASTRA/USDT,ASTRA Protocol,ASTRA
ASTRADAO/USDT,Astra DAO,ASTRADAO
ASTRO/USDT,Astroport Classic,ASTRO
ASVA/USDT,Asva,ASVA
ATID/USDT,AstridDAO Token,ATID
ATLAS/USDT,Star Atlas,ATLAS
ATNT/USDT,Artizen,ATNT
ATOLO/USDT,RIZON,ATOLO
ATOM/BTC,Cosmos,ATOM
ATOM/USDT,Cosmos,ATOM
ATOM/USDC,Cosmos,ATOM
ATOR/USDT,ATOR Protocol,ATOR
ATR/USDT,Artrade,ATR
AUCTION/USDT,Bounce Token,AUCTION
AUR/USDT,Aurix,AUR
AURA/USDT,Aura Network,AURA
AURORA/USDT,Aurora,AURORA
AUTO/USDT,Auto,AUTO
AVA/ETH,AVA,AVA
AVA/USDT,AVA,AVA
AVAX/USDT,Avalanche,AVAX
AVAX/USDC,Avalanche,AVAX
AVG/USDT,Avocado DAO Token,AVG
AVTM/USDT,Aventis Metaverse,AVTM
AWT/USDT,Abyss World,AWT
AX/USDT,AurusX,AX
AXS/USDT,Axie Infinity,AXS
AYA/USDT,Aryacoin,AYA
AZERO/USDC,Aleph Zero,AZERO
AZERO/USDT,Aleph Zero,AZERO
AZIT/USDT,Azit,AZIT
AZY/USDT,Amazy,AZY
BABY/USDT,BabySwap,BABY
BABYBONK/USDT,Baby Bonk,BABYBONK
BABYDOGE/USDT,Baby Doge Coin,BABYDOGE
BABYDOGE2/USDT,Babydoge 2.0,BABYDOGE2
BABYDRAGON/USDT,Baby Dragon,BABYDRAGON
BABYELON/USDT,Baby Elon,BABYELON
BABYGROK/USDT,Baby Grok,BABYGROK
BABYGROK1/USDT,Baby Grok,BABYGROK1
BABYMEMECOIN/USDT,Baby Meme Coin,BABYMEMECOIN
BABYPEPE/USDT,BabyPepeFi,BABYPEPE
BABYSORA/USDT,Baby Sora,BABYSORA
BABYTOMCAT/USDT,Baby Tomcat,BABYTOMCAT
BABYTRUMP/USDT,Baby Trump,BABYTRUMP
BABYX/USDT,Baby X,BABYX
BAD/USDT,Bad Idea AI,BAD
BADGER/BTC,Badger DAO,BADGER
BADGER/USDT,Badger DAO,BADGER
BAJU/USDT,Bajun Network,BAJU
BAKE/USDT,BakeryToken,BAKE
BAL/ETH,Balancer,BAL
BAL/USDT,Balancer,BAL
BANANAGUN/USDT,Banana Gun,BANANAGUN
BAR/USDT,FC Barcelona Fan Token,BAR
BAT/USDT,Basic Attention Token,BAT
BAX/USDT,BABB,BAX
BBF/USDT,Bubblefong,BBF
BBL/USDT,beoble,BBL
BBS/USDT,BBS Network,BBS
BCB/USDT,Blockchain Bets,BCB
BCH/USDT,Bitcoin Cash,BCH
BCH/USDC,Bitcoin Cash,BCH
BCH/BTC,Bitcoin Cash,BCH
BCT/USDT,BabyChita,BCT
BDP/USDT,Big Data Protocol,BDP
BDX/USDT,Beldex,BDX
BDX/BTC,Beldex,BDX
BeAI/USDT,BeNFT Solutions,BEAI
BEAM/USDT,Beam,BEAM
BEAMX/USDT,Beam,BEAMX
BEAN/USDT,AzukiDAO,BEAN
BEFE/USDT,BEFE,BEFE
BEL/USDT,Bella Protocol,BEL
BEN/USDT,Ben (v2),BEN
BEND/USDT,BendDAO,BEND
BENDOG/USDT,Ben the Dog,BENDOG
BENQI/USDT,BENQI,BENQI
BERRY/USDT,Berry,BERRY
BETA/USDT,Beta Finance,BETA
BFIC/USDT,Blockchain Foundation for Innovation & Collaboration,BFIC
BFR/USDT,Buffer Finance,BFR
BFT/USDT,Brazil National Football Team Fan Token,BFT
BGB/USDT,Bitget Token,BGB
BGN/USDT,Bitgain,BGN
BHO/USDT,BHO Network,BHO
BICO/USDT,Biconomy,BICO
BIF/USDT,bonkwifhat,BIF
BIGTIME/USDT,Big Time,BIGTIME
BIN/USDT,Binemon,BIN
BIOFI/USDT,Biometric Financial,BIOFI
BIST/USDT,Bistroo,BIST
BIT1/USDT,Biconomy Exchange Token,BIT1
BITBULL/USDT,Bitbull,BITBULL
BITCI/USDT,Bitcicoin,BITCI
BIZA/USDT,BizAuto,BIZA
BKN/USDT,Brickken,BKN
BLA/USDT,BLUEART TOKEN,BLA
BLANKV2/USDT,BlockWallet,BLANKV2
BLAST/USDT,Blast Frontiers,BLAST
BLOCX/USDT,BLOCX.,BLOCX
BLOK/USDT,Bloktopia,BLOK
BLP/USDT,BullPerks,BLP
BLS/USDT,BlueSale Finance,BLS
BLT/USDT,Blocto Token,BLT
BLUES/USDT,Blueshift,BLUES
BLUR/USDT,Blur,BLUR
BLY/USDT,Blocery,BLY
BLZ/USDT,Bluzelle,BLZ
BNA/USDT,Bananatok,BNA
BNB/USDT,BNB,BNB
BNB/TUSD,BNB,BNB
BNB/USDC,BNB,BNB
BNC/USDT,Bifrost,BNC
BNT/USDT,Bancor,BNT
BNX/USDT,BinaryX,BNX
BOB/USDT,BOB,BOB
BOBA/USDT,Boba Network,BOBA
BOBO/USDT,BOBO,BOBO
BOND/USDT,BarnBridge,BOND
BONE/USDT,Bone ShibaSwap,BONE
BONK/USDT,Bonk,BONK
BOO/USDT,SpookySwap,BOO
BORING/USDT,BoringDAO,BORING
BOSON/USDT,Boson Protocol,BOSON
BOTTO/USDT,Botto,BOTTO
BOZO/USDT,BOZO,BOZO
bPRIVA/USDT,Privapp Network,BPRIVA
BRCT/USDT,BRC App,BRCT
BRD/USDT,Bread,BRD
BRISE/USDT,Bitgert,BRISE
BRN/USDT,BRN Metaverse,BRN
BROCK/USDT,Bitrock,BROCK
BRS/USDT,Broovs Projects,BRS
BSCPAD/USDT,BSCPAD,BSCPAD
BSCS/USDT,BSCS,BSCS
BSPT/USDT,Blocksport,BSPT
BST/USDT,Blocksquare Token,BST
BSV/USDT,Bitcoin SV,BSV
BSV/USDT,Bitcoin SV,BSV
BSW/USDT,Biswap,BSW
BTC/TUSD,Bitcoin,BTC
BTC/USDT,Bitcoin,BTC
BTC/USDC,Bitcoin,BTC
BTC2/USDT,Bitcoin 2.0,BTC2
BTCBAM/USDT,Bitcoin Bam,BTCBAM
BTM/USDT,Bytom,BTM
BTS/USDT,BitShares,BTS
BTT/USDT,BitTorrent (New),BTT
BTT/USDC,BitTorrent (New),BTT
BUNNY/USDT,Pancake Bunny,BUNNY
BUP/USDT,BuildUp,BUP
BURGER/USDT,BurgerCities,BURGER
BURN/USDT,Burn,BURN
BXC/USDT,BitcoinX,BXC
BXX/USDT,Baanx,BXX
BYN/USDT,NBX,BYN
BZZ/USDT,Swarm,BZZ
C98/USDT,Coin98,C98
CA/USDT,Coupon Assets,CA
CAF/USDT,Childrens Aid Foundation,CAF
CAGA/USDT,Crypto Asset Governance Alliance,CAGA
CAI/USDT,CryptoAI,CAI
CAKE/USDT,PancakeSwap,CAKE
CAL/USDT,FitBurn,CAL
CALCIUM/USDT,Calcium,CALCIUM
CAMLY/USDT,Camly Coin,CAMLY
CANDY/USDT,Candy Pocket,CANDY
CANTO/USDT,CANTO,CANTO
CAP/USDT,Capverse,CAP
CAPO/USDT,IL CAPO OF CRYPTO,CAPO
CARE/USDT,CareCoin,CARE
CAS/USDT,Cashaa,CAS
CAT/USDT,Cyber Arena,CAT
CATBOY/USDT,Catboy,CATBOY
CATE/USDT,CateCoin,CATE
CATGIRL/USDT,Catgirl,CATGIRL
CATHEON/USDT,Artisse,CATHEON
CATMAN/USDT,Catman,CATMAN
CAU/USDT,Canxium,CAU
CAVADA/USDT,Cavada,CAVADA
CAW/USDC,CAW(A Hunters Dream),CAW
CAW/USDT,CAW(A Hunters Dream),CAW
CAWCEO/USDT,CAW CEO,CAWCEO
CBK/USDT,Cobak Token,CBK
CBX/USDT,CropBytes,CBX
CCD/USDT,Concordium,CCD
CCT/USDC,Carbon Credit,CCT
CDOGE/USDT,cyberdoge,CDOGE
CDX/USDT,CodeXchain,CDX
CEEK/USDT,CEEK VR,CEEK
CEJI/USDT,Creation Energy Join International,CEJI
CEL/USDC,Celsius,CEL
CEL/USDT,Celsius,CEL
CELL/USDT,Cellframe,CELL
CELO/USDT,Celo,CELO
CELR/USDT,Celer Network,CELR
CELT/USDT,Celestial,CELT
CENNZ/USDT,CENNZnet,CENNZ
CENX/USDT,Centcex,CENX
CERE/USDT,Cere Network,CERE
CETUS/USDT,Cetus Protocol,CETUS
CFX/USDT,Conflux,CFX
CGG/USDT,ChainGuardians,CGG
CGPT/USDT,ChainGPT,CGPT
CGPT/USDC,ChainGPT,CGPT
CGV/USDT,Cogito Protocol,CGV
CHANGE/USDT,Changex,CHANGE
CHEERS/USDT,CheersLand,CHEERS
CHEQ/USDT,cheqd,CHEQ
CHESS/USDT,Tranchess,CHESS
CHICA/USDT,CHICA,CHICA
CHO/USDT,Choise.com,CHO
CHOKE/USDT,Artichoke Protocol,CHOKE
CHRISPUMP/USDT,Christmas Pump,CHRISPUMP
CHRP/USDT,Chirpley,CHRP
CHZ/USDT,Chiliz,CHZ
CIRUS/USDT,Cirus Foundation,CIRUS
CITY/USDT,Manchester City Fan Token,CITY
CKB/USDT,Nervos Network,CKB
CLEO/USDT,Cleo Tech,CLEO
CLFI/USDT,cLFi,CLFI
CLIPS/USDT,Clips,CLIPS
CLORE/USDT,Clore.ai,CLORE
CLOUD/USDT,NFTCloud,CLOUD
CLS/USDT,Coldstack,CLS
CLUB/USDT,ClubCoin,CLUB
CLV/USDT,CLV,CLV
CLY/USDT,Colony,CLY
CMP/USDT,Caduceus,CMP
CNC/USDT,Conic Finance,CNC
CNG/USDT,Changer,CNG
CNS/USDT,Centric Swap,CNS
CNTM/USDT,Connectome,CNTM
CODAI/USDT,CODAI,CODAI
COGE/USDT,Cogecoin,COGE
COLT/USDT,Collateral Network,COLT
COM/USDT,BRC20.com,COM
COMBO/USDT,COMBO,COMBO
COMP/USDT,Compound,COMP
CONV/USDT,Convergence,CONV
CONX/USDT,Connex,CONX
CORE/USDT,Core,CORE
COREUM/USDT,Coreum,COREUM
COTI/USDT,COTI,COTI
COVN/USDT,Covenant,COVN
CPH/USDT,Cypherium,CPH
CPU/USDT,CPUcoin,CPU
CQT/USDT,Covalent,CQT
CR/USDT,Crypto Rangers,CR
CRDC/USDT,Cardiocoin,CRDC
CRE/USDT,Carry,CRE
CREAM/USDT,Cream Finance,CREAM
CREO/USDT,Creo Engine,CREO
CREPE/USDT,Crepe Coin,CREPE
CRETA/USDT,Creta World,CRETA
CRF/USDT,Crafting Finance,CRF
CRH/USDT,Crypto Hunters Coin,CRH
CRK/USDT,Capitalrock,CRK
CRO/USDT,Cronos,CRO
CROWN/USDT,Crown Token,CROWN
CRT/USDT,Cantina Royale,CRT
CRTS/USDT,Cratos,CRTS
CRU/USDT,Crust Network,CRU
CRV/USDT,Curve DAO Token,CRV
CRV/ETH,Curve DAO Token,CRV
CSIX/USDT,Carbon browser,CSIX
CSPR/USDT,Casper,CSPR
CTC/USDT,Creditcoin,CTC
CTEX/USDT,Crypto tex,CTEX
CTK/USDT,Shentu,CTK
CTN/USDT,Continuum Finance,CTN
CTO/USDT,Chief Troll Officer(BSC),CTO
CTXC/USDT,Cortex,CTXC
CTY/USDT,Custodiy,CTY
CUDOS/USDT,CUDOS,CUDOS
CULT/USDT,Cult DAO,CULT
CVIP/USDT,CVIP,CVIP
CVNT/USDT,Conscious Value Network,CVNT
CVP/USDT,PowerPool,CVP
CVT/USDT,CyberVein,CVT
CVTX/USDT,Carrieverse,CVTX
CVX/USDT,Convex Finance,CVX
CWAR/USDT,Cryowar,CWAR
CWEB/USDT,Coinweb,CWEB
CWS/USDT,Seascape Crowns,CWS
CYBER/USDT,CyberConnect,CYBER
CYBERTRUCK/USDT,CYBERTRUCK,CYBERTRUCK
DAG/USDT,Constellation,DAG
DAI/USDT,Dai,DAI
DAMEX/USDT,Damex Token,DAMEX
DAO/USDT,DAO Maker,DAO
DAPPX/USDT,dAppstore,DAPPX
DAR/USDT,Mines of Dalarnia,DAR
DARC/USDT,Konstellation Network,DARC
DASH/USDT,Dash,DASH
DC/USDT,Dogechain,DC
DCB/USDT,Decubate,DCB
DCK/USDT,DexCheck,DCK
DCR/USDT,Decred,DCR
DD/USDT,DuckDAO,DD
DEB/USDT,Andus Chain,DEB
DECHAT/USDT,Dechat,DECHAT
DEFI/USDT,DeFi,DEFI
DEFROGS/USDT,DeFrogs,DEFROGS
DEGEN/USDT,DegenReborn,DEGEN
DEGO/USDT,Dego Finance,DEGO
DEGO/ETH,Dego Finance,DEGO
DEL/USDT,Decimal,DEL
DEP/USDT,DEAPcoin,DEP
DERI/USDT,Deri Protocol,DERI
DERP/USDT,Derp Coin,DERP
DERPDEX/USDT,Derp,DERPDEX
DEUS/USDT,DEUS Finance,DEUS
DEVVE/USDT,Devve,DEVVE
DEXE/ETH,DeXe,DEXE
DEXE/USDT,DeXe,DEXE
DEXE/BTC,DeXe,DEXE
DEXTF/USDT,Domani Protocol,DEXTF
DF/USDT,dForce,DF
DFC/USDT,DeFinder Capital,DFC
DFI/USDT,DfiStarter,DFI
DFYN/USDT,Dfyn Network,DFYN
DGC/USDT,Digitalcoin,DGC
DGH/USDT,Digihealth,DGH
DGI/USDT,DGI Game,DGI
DHP/USDT,dHealth,DHP
DIABLO/USDT,Diablo IV,DIABLO
DIGI/USDT,Digiverse,DIGI
DIONE/USDT,Dione Protocol,DIONE
DIS/USDT,Disney,DIS
DKA/USDT,dKargo,DKA
DKS/USDT,DarkShield Games Studio,DKS
DMAIL/USDT,DMAIL Network,DMAIL
DMT/USDT,Sanko GameCorp,DMT
DNX/USDT,Dynex,DNX
DOD/USDT,Day Of Defeat 2.0,DOD
DODO/USDT,DODO,DODO
DOGA/USDT,DOGAMÍ,DOGA
DOGE/TUSD,Dogecoin,DOGE
DOGE/USDC,Dogecoin,DOGE
DOGE/USDT,Dogecoin,DOGE
DOGE1/USDT,Satellite Doge-1,DOGE1
DOGE2/USDT,Doge 2.0,DOGE2
DOGECEO/USDT,Doge CEO,DOGECEO
DOGEPAY/USDT,Doge Payment,DOGEPAY
DOGGO/USDT,DOGGO,DOGGO
DOGGY/USDT,DOGGY,DOGGY
DOGWIFHAT/USDT,dogwifhat,DOGWIFHAT
DOLZ/USDT,DOLZ,DOLZ
DONS/USDT,The Dons,DONS
DORA/USDT,Dora Factory,DORA
DORKL/USDT,DORK LORD,DORKL
DOSE/USDT,DOSE,DOSE
DOT/USDT,Polkadot,DOT
DOT/BTC,Polkadot,DOT
DPEX/USDT,DPEX,DPEX
DPR/USDT,Deeper Network,DPR
DPX/USDT,Dopex,DPX
DRC/USDT,Dracula Token,DRC
DREAMS/USDT,Dreams Quest,DREAMS
DRF/USDT,DRIFE,DRF
DSLA/USDT,DSLA Protocol,DSLA
DTR/USDT,Dotori,DTR
DUA/USDT,Brillion,DUA
DUCK/USDT,Silly Duck,DUCK
DUEL/USDT,GameGPT,DUEL
DUSK/USDT,Dusk,DUSK
DUX/USDT,DUX,DUX
DVI/USDT,Dvision Network,DVI
DWARS/USDT,Dynasty Wars,DWARS
DXGM/USDT,DEXGame,DXGM
DYDX/USDT,dYdX (ethDYDX),DYDX
DYM/USDT,Dymension,DYM
DYP/USDT,Dypius [New],DYP
DZOO/USDT,Degen Zoo,DZOO
EARN/USDT,Earn Network,EARN
ECC/USDT,Etherconnect,ECC
EDEN/USDT,Eden,EDEN
EDU/USDT,Open Campus,EDU
EFC/USDT,Everton Fan Token,EFC
EG/USDT,EG Token,EG
EGC/USDT,Egoras Credit,EGC
EGG/USDT,Eggdog,EGG
EGLD/USDT,MultiversX,EGLD
EGO/USDT,EGO,EGO
EGRN/USDT,Energreen,EGRN
EJS/USDT,Enjinstarter,EJS
EKTA/USDT,Ekta,EKTA
EL/USDT,ELYSIA,EL
ELAN/USDT,Elan,ELAN
ELDA/USDT,Eldarune,ELDA
ELF/USDT,aelf,ELF
ELF/ETH,aelf,ELF
ELF/BTC,aelf,ELF
ELMO/USDT,ELMOERC,ELMO
ELON/USDT,Dogelon Mars,ELON
ELON2024/USDT,ELON 2024(BSC),ELON2024
ELONDOGE/USDT,ELON DOGE,ELONDOGE
ELONMARS/USDT,ELON MARS,ELONMARS
EMOJI/USDT,MOMOJI,EMOJI
EMP/USDT,Export Mortos Platform,EMP
EMPIRE/USDT,Empire Token,EMPIRE
EMR/USDT,Emorya Finance,EMR
ENJ/USDT,Enjin Coin,ENJ
ENS/USDC,Ethereum Name Service,ENS
ENS/USDT,Ethereum Name Service,ENS
ENTC/USDT,ENTERBUTTON,ENTC
EOS/USDC,EOS,EOS
EOS/USDT,EOS,EOS
EOSC/USDT,EOS Force,EOSC
EPIKO/USDT,Epiko,EPIKO
EPX/USDT,Ellipsis,EPX
EQ/USDT,Equilibrium,EQ
EQB/USDT,Equilibria Finance,EQB
ETC/USDT,Ethereum Classic,ETC
ETC/BTC,Ethereum Classic,ETC
ETE/USDT,Ethereum Express,ETE
ETERNAL/USDT,CryptoMines,ETERNAL
ETH/USDT,Ethereum,ETH
ETH/USDC,Ethereum,ETH
ETH/TUSD,Ethereum,ETH
ETH/BTC,Ethereum,ETH
ETHA/USDT,ETHA Lend,ETHA
ETHPAD/USDT,ETHPad,ETHPAD
ETHW/USDT,EthereumPoW,ETHW
ETL/USDT,Eternal World,ETL
ETP/USDT,Metaverse ETP,ETP
ETRL/USDT,Ethereal,ETRL
EUL/USDT,Euler,EUL
EUL/USDC,Euler,EUL
EURt/USDT,Tether EURt,EURT
EVDC/USDT,Electric Vehicle Direct Currency,EVDC
EVE/USDT,EVE Token,EVE
EVER/USDT,Everscale,EVER
EVMOS/USDT,Evmos,EVMOS
EVO/USDT,Devomon,EVO
EVRY/USDT,EVRYNET,EVRY
EXD/USDT,Exorde,EXD
EXFI/USDT,Experimental Finance,EXFI
EYES/USDT,EYES Protocol,EYES
F3/USDT,Friend3,F3
FACT/USDT,FACT0RN,FACT
FACTR/USDT,Defactor,FACTR
FAKEAI/USDT,DeepFakeAI,FAKEAI
FAKT/USDT,Medifakt,FAKT
FANC/USDT,fanC,FANC
FARA/USDT,FaraLand,FARA
FARM/USDT,Harvest Finance,FARM
FARMS/USDT,Farmsent,FARMS
FAVR/USDT,FAVOR,FAVR
FCT2/USDT,FirmaChain,FCT2
FEAR/USDT,FEAR,FEAR
FEG/USDT,FEG Token [NEW],FEG
FET/USDT,Fetch.ai,FET
FEVR/USDT,RealFevr,FEVR
FID/USDT,Fidira,FID
FIDA/USDT,Bonfida,FIDA
FIL/USDT,Filecoin,FIL
FIL/USDC,Filecoin,FIL
FINA/USDT,Defina Finance,FINA
FINBLOX/USDT,Finblox,FINBLOX
FINC/USDT,Finceptor,FINC
FINE/USDT,Fine,FINE
FIO/USDT,FIO Protocol,FIO
FIRO/USDT,Firo,FIRO
FITFI/USDC,Step App,FITFI
FITFI/USDT,Step App,FITFI
FLAME/USDT,Flame Protocol,FLAME
FLM/USDT,Flamingo,FLM
FLOKI/USDT,FLOKI,FLOKI
FLOKICEO/USDT,FLOKI CEO,FLOKICEO
FLOW/USDT,Flow,FLOW
FLOYX/USDT,Floyx,FLOYX
FLR/USDT,Flare,FLR
FLUX1/USDT,Flux,FLUX1
FLX/USDT,Reflexer Ungovernance Token,FLX
FMC/USDT,Fimarkcoin,FMC
FNCT/USDT,Financie Token,FNCT
FNCY/USDT,FNCY,FNCY
FNZ/USDT,Fanzee,FNZ
FO/USDT,FIBOS,FO
FOG/USDT,FOGNET,FOG
FOMO/USDT,FOMOSolana,FOMO
FON/USDT,INOFI,FON
FONCOIN/USDT,FONSmartChain,FONCOIN
FOOD/USDT,FoodChain Global,FOOD
FOR/USDT,ForTube,FOR
FORA/USDT,UFORIKA,FORA
FORE/USDT,FORE Protocol,FORE
FORT/USDT,Forta,FORT
FORTH/USDT,Ampleforth Governance Token,FORTH
FORWARD/USDT,Forward Protocol,FORWARD
FOX/USDT,Shapeshift FOX Token,FOX
FP/USDT,Forgotten Playland,FP
FPFT/USDT,Peruvian National Football Team Fan Token,FPFT
FRC/USDT,SNKRZ,FRC
FREE/USDT,FreeRossDAO,FREE
FREEDOM/USDT,FREEdom Coin,FREEDOM
FROG/USDT,FrogSwap,FROG
FROGE/USDT,Froge,FROGE
FRONT/USDT,Frontier,FRONT
FRTS/USDT,Fruits,FRTS
FSN/USDT,Fusion,FSN
FTM/USDC,Fantom,FTM
FTM/USDT,Fantom,FTM
FTN/USDT,Fasttoken,FTN
FTT/USDT,FTX Token,FTT
FTT/USDC,FTX Token,FTT
FUD/USDT,FUD,FUD
FUFU/USDT,Fufu Token,FUFU
FUN/USDT,FUNToken,FUN
FUSE/USDT,Fuse,FUSE
FUTURE/USDT,FUTURECOIN,FUTURE
FWC/USDT,Football World Community,FWC
FWW/USDT,Farmers World Wood,FWW
FX/USDT,Function X,FX
FXDX/USDT,FXDX,FXDX
FXS/USDT,Frax Share,FXS
FYN/USDT,Affyn,FYN
GAIA/USDT,GAIA Everworld,GAIA
GAINS/USDT,Gains,GAINS
GAL/USDC,Galxe,GAL
GAL/USDT,Galxe,GAL
GALA/USDT,Gala,GALA
GAME/USDT,Gamestarter,GAME
GARI/USDT,Gari Network,GARI
GAS/USDT,Gas DAO,GAS
GCAKE/USDT,Pancake Games,GCAKE
GCC/USDT,GuccioneCoin,GCC
GDC/USDT,Global Digital Content,GDC
GEAR/USDT,Gearbox Protocol,GEAR
GEC/USDT,Gec,GEC
GECKO/USDT,Gecko Coin,GECKO
GEL/USDT,Gelato,GEL
GENE/USDT,Genopets,GENE
GENEDAO/USDT,GenomesDao,GENEDAO
GF/USDT,GuildFi,GF
GFAL/USDT,Games for a Living,GFAL
GFLY/USDT,BattleFly,GFLY
GFT/USDT,Gifto,GFT
GFY/USDT,go fu*k yourself.,GFY
GHST/USDT,Aavegotchi,GHST
GHUB/USDT,GemHUB,GHUB
GHX/USDT,GamerCoin,GHX
GLEEC/USDT,Gleec Coin,GLEEC
GLFT/USDT,Global Fan Token,GLFT
GLI/USDT,GLI TOKEN,GLI
GLINT/USDT,BeamSwap,GLINT
GLMR/USDT,Moonbeam,GLMR
GLQ/USDT,Graphlinq Chain,GLQ
GM/USDT,GM Wagmi,GM
GMEE/USDT,GAMEE,GMEE
GMM/USDT,Gamium,GMM
GMMT/USDT,Giant Mammoth,GMMT
GMPD/USDT,GamesPad,GMPD
GMT/USDT,Gomining,GMT
GMX/USDT,GMX,GMX
GNO/USDT,Gnosis,GNO
GNOME/USDT,GNOME,GNOME
GNS/USDT,Gains Network,GNS
GODE/USDT,Gode Chain,GODE
GODS/USDT,Gods Unchained,GODS
GOLC/USDT,GOLCOIN,GOLC
GOLD/USDT,GOLD,GOLD
GOLDEN/USDT,Golden Inu,GOLDEN
GOLDFINCH/USDT,Goldfinch,GOLDFINCH
GORA/USDT,Gora,GORA
GORILLA/USDT,Gorilla,GORILLA
GOTG/USDT,Got Guaranteed,GOTG
GPT1/USDT,QnA3.AI,GPT1
GQ/USDT,Blink Galaxy,GQ
GRAIL/USDT,Camelot Token,GRAIL
GRL/USDT,Greelance,GRL
GROK/USDT,Grok,GROK
GROK1/USDT,GROK,GROK1
GROK2/USDT,GROK 2.0,GROK2
GROKBANK/USDT,Grok Bank,GROKBANK
GROKBSC/USDT,Clumsy Dragon,GROKBSC
GROKCEO/USDT,GROK CEO,GROKCEO
GROKGIRL/USDT,Grok Girl,GROKGIRL
GROKINU/USDT,Grok Inu,GROKINU
GROKX/USDT,Grok X,GROKX
GROOOOOK/USDT,Groooook,GROOOOOK
GROW/USDT,Grow Token,GROW
GRT/USDT,The Graph,GRT
GRV/USDT,Grove Coin,GRV
GST/USDT,Green Satoshi Token (SOL),GST
GSWIFT/USDT,GameSwift,GSWIFT
GSYS/USDT,Genesys,GSYS
GTA/USDT,GTA Token,GTA
GTAI/USDT,GT Protocol,GTAI
GTAVI/USDT,GTAVI,GTAVI
GTC/USDT,Gitcoin,GTC
GTCOIN/USDT,Gametree,GTCOIN
GUILD/USDT,BlockchainSpace,GUILD
GXE/USDT,XENO Governance,GXE
GXT/USDT,Gem Exchange and Trading,GXT
GZONE/USDT,GameZone,GZONE
HAHA/USDT,Hasaki,HAHA
HAI/USDT,Hacken Token,HAI
HAKA/USDT,TribeOne,HAKA
HALLOWEEN/USDT,HALLOWEEN,HALLOWEEN
HAM/USDT,Hamster,HAM
HANDY/USDT,Handy,HANDY
HAO/USDT,HistoryDAO,HAO
HAPI/USDT,HAPI Protocol,HAPI
HARAMBE/USDT,Harambe on Solana,HARAMBE
HARD/USDT,Kava Lend,HARD
HARRY/USDT,HarryPotterObamaSonic10Inu (ERC-20),HARRY
HBAR/USDT,Hedera,HBAR
HBT/USDT,Hebeto,HBT
HC/USDT,HyperCash,HC
HDN/USDT,Hydranet,HDN
HEART/USDT,Humans.ai,HEART
HEFI/USDT,HeFi,HEFI
HEGIC/USDT,Hegic,HEGIC
HELLO/USDT,HELLO Labs,HELLO
HERO/USDT,Step Hero,HERO
HEX/USDT,HEX,HEX
HFT/USDT,Hashflow,HFT
HGHG/USDT,HUGHUG Coin,HGHG
HGPT/USDT,HyperGPT,HGPT
HI/USDT,HI,HI
HIBS/USDT,Hiblocks,HIBS
HIFI/USDT,Hifi Finance,HIFI
HIGH/USDT,Highstreet,HIGH
HIPP/USDT,El Hippo,HIPP
HIVE/BTC,Hive,HIVE
HIVE/USDT,Hive,HIVE
HMT/USDT,Human,HMT
HMTT/USDT,Hype Meme Token,HMTT
HNB/USDT,HNB Protocol,HNB
HNS/USDT,Handshake,HNS
HOLD/USDT,HOLD VIP,HOLD
HOMER/USDT,Homer Simpson(Solana),HOMER
HON/USDT,Soul Society,HON
HONK/USDT,Honk,HONK
HOOK/USDT,Hooked Protocol,HOOK
HOP/USDT,Hop Protocol,HOP
HOP/USDC,Hop Protocol,HOP
HOPR/USDT,HOPR,HOPR
HORD/USDT,Hord,HORD
HOSKY/USDT,Hosky Token,HOSKY
HOT/USDT,Holo,HOT
HSF/USDT,Hillstone Finance,HSF
HST/USDT,HeadStarter,HST
HT/USDT,Huobi Token,HT
HTE/USDT,Hepton,HTE
HTM/USDT,Hatom,HTM
HTT/USDT,Hello Art,HTT
HTX/USDT,HTX,HTX
HUAHUA/USDT,Chihuahua,HUAHUA
HUS/USDT,Husky.AI,HUS
HUSL/USDT,The HUSL,HUSL
HUT/USDT,Hibiki Run,HUT
HYCO/USDT,HYPERCOMIC,HYCO
HYDRA/USDT,Hydra,HYDRA
HYPC/USDT,HyperCycle,HYPC
HYVE/USDT,Hyve,HYVE
HZN/USDT,Horizon Protocol,HZN
IBAT/USDT,Battle Infinity,IBAT
ICE/USDT,Popsicle Finance,ICE
ICENETWORK/USDT,Ice Network,ICENETWORK
ICNX/USDT,Icon.X World,ICNX
ICP/USDT,Internet Computer,ICP
ICT/USDT,Internet Computer Technology,ICT
ID/USDT,SPACE ID,ID
IDEA/USDT,Ideaology,IDEA
IDEX/USDT,IDEX,IDEX
IDYP/USDT,iDypius,IDYP
IGU/USDT,IguVerse,IGU
IGUP/USDT,IGUP (IguVerse),IGUP
ILV/USDT,Illuvium,ILV
IMGNAI/USDT,Image Generation AI,IMGNAI
IMPT/USDT,IMMOPET Token,IMPT
IMX/USDT,Immutable,IMX
INFRA/USDT,Bware,INFRA
ING/USDT,Infinity Games,ING
INJ/USDT,Injective,INJ
INS/USDT,iNFTspace,INS
INSCRIBE/USDT,Inscribe,INSCRIBE
INSP/USDT,Inspect,INSP
INST/USDT,Instadapp,INST
INSUR/USDT,InsurAce,INSUR
INTER/USDT,Inter Milan Fan Token,INTER
INTR/USDT,Interlay,INTR
INV/USDT,Inverse Finance,INV
INVI/USDT,Invitoken,INVI
IONX/USDT,Charged Particles,IONX
IOST/USDT,IOST,IOST
IOTX/USDT,IoTeX,IOTX
IPMB/USDT,IPMB,IPMB
IQ/USDT,IQ,IQ
IQT/USDT,IQ Protocol,IQT
IRENA/USDT,Irena Coin Apps,IRENA
IRIS/BTC,IRISnet,IRIS
IRIS/USDT,IRISnet,IRIS
IRL/USDT,Rebase GG,IRL
IRON/USDT,Iron Fish,IRON
ISK/USDT,ISKRA Token,ISK
ISLM/USDT,Islamic Coin,ISLM
ISP/USDT,Ispolink,ISP
ITEM/USDT,ITEMVERSE,ITEM
ITGR/USDT,Integral,ITGR
ITHEUM/USDT,Itheum,ITHEUM
ITSB/USDT,ITSBLOC,ITSB
IUS/USDT,Iustitia Coin,IUS
IXT/USDT,Planet IX(formerly IX token),IXT
IZI/USDT,Izumi Finance,IZI
JAM/USDT,Tune.FM,JAM
JAN/USDT,Storm Warfare,JAN
JASMY/USDC,JasmyCoin,JASMY
JASMY/USDT,JasmyCoin,JASMY
JB2024/USDT,BIDEN 2024,JB2024
JCO/USDT,JennyCo,JCO
JEN/USDT,JEN COIN,JEN
JETTON/USDT,JetTon Game,JETTON
JEWEL/USDT,DeFi Kingdoms,JEWEL
JGN/USDT,Juggernaut,JGN
JOE/USDT,JOE,JOE
JOKER/USDT,JOKER,JOKER
JOLT/USDT,Joltify,JOLT
JONES/USDT,Jones DAO,JONES
JOY/USDT,Drawshop Kingdom Reverse,JOY
JOYSTREAM/USDT,Joystream,JOYSTREAM
JPEG/USDT,JPEG'd,JPEG
JSM/USDT,Joseon Mun,JSM
JST/USDT,JUST,JST
JTO/USDT,Jito,JTO
JULD/USDT,JulSwap,JULD
JUNO/USDT,JUNO,JUNO
JUP/USDT,Jupiter,JUP
JUR/USDT,Jur,JUR
JUSTICE/USDT,AssangeDAO,JUSTICE
KABOSU/USDT,Kabosu Family,KABOSU
KAF/USDT,KAIF Platform,KAF
KAI/USDT,KardiaChain,KAI
KAKA/USDT,KAKA NFT World,KAKA
KAP/USDT,KAP Games,KAP
KAR/USDT,Karura,KAR
KARATE/USDT,Karate Combat,KARATE
KAS/USDT,Kaspa,KAS
KASTA/USDT,Kasta,KASTA
KAT/USDT,Karat,KAT
KATA/USDT,Katana Inu,KATA
KAVA/USDT,Kava,KAVA
KBD/USDT,Kyberdyne,KBD
KDG/USDT,KingdomStarter,KDG
KEKE/USDT,KEK,KEKE
KENKA/USDT,KENKA METAVERSE,KENKA
KFI/USDT,Klever Finance,KFI
KIBA/USDT,Kiba Inu,KIBA
KICKS/USDT,GetKicks,KICKS
KILT/USDT,KILT Protocol,KILT
KIN/USDT,Kin,KIN
KINE/USDT,KINE,KINE
KING/USDT,KING,KING
KIRBYINU/USDT,Kirby Inu,KIRBYINU
KISHU/USDT,Kishu Inu,KISHU
kitty/USDT,Kitty Inu,KITTY
KLAY/USDT,Klaytn,KLAY
KLAY/USDC,Klaytn,KLAY
KLIMA/USDT,KlimaDAO,KLIMA
KLV/USDT,Klever,KLV
KMA/USDT,Calamari Network,KMA
KMON/USDT,Kryptomon,KMON
KNC/USDT,Kyber Network Crystal v2,KNC
KNFT/USDT,KStarNFT,KNFT
KOIN/USDT,Koinos,KOIN
KOM/USDT,Kommunitas,KOM
KONO/USDT,Konomi Network,KONO
KOY/USDT,Koyo,KOY
KP3R/USDT,Keep3rV1,KP3R
KPL/USDT,Kepple,KPL
KREST/USDT,krest Network,KREST
KRIPTO/USDT,Kripto koin,KRIPTO
KROM/USDT,Kromatika,KROM
KSC/USDT,KStarCoin,KSC
KSM/USDT,Kusama,KSM
KSM/BTC,Kusama,KSM
KSN/USDT,KISSAN,KSN
KTK/USDT,KTK project,KTK
KUBE/USDT,KubeCoin,KUBE
KUJI/USDT,Kujira,KUJI
KUNCI/USDT,Kunci Coin,KUNCI
KWENTA/USDT,Kwenta,KWENTA
KXA/USDT,Kryxivia,KXA
KZEN/USDT,Kaizen Finance,KZEN
LADYS/USDT,Milady Meme Coin,LADYS
LAI/USDT,LayerAI,LAI
LAMB/USDT,Lambda,LAMB
LAT/USDT,PlatON,LAT
LAVA/USDT,Vulcan Forged (LAVA),LAVA
LAVE/USDT,Lavandos,LAVE
LAZIO/USDT,S.S. Lazio Fan Token,LAZIO
LBA/USDT,Cred,LBA
LBC/USDT,LBRY Credits,LBC
LBLOCK/USDT,Lucky Block (V2),LBLOCK
LBR/USDT,Lybra Finance,LBR
LBTC/BTC,Lightning Bitcoin,LBTC
LBTC/USDT,Lightning Bitcoin,LBTC
LDO/USDT,Lido DAO,LDO
LEE/USDT,Love Earn Enjoy,LEE
LEMC/USDT,LEMONCHAIN,LEMC
LEMC/USDT,LEMONCHAIN,LEMC
LEMN/USDT,LEMON,LEMN
LENDS/USDT,Lends,LENDS
LEOX/USDT,LEOX,LEOX
LEVER/USDT,LeverFi,LEVER
LFG/USDT,Gamerse,LFG
LFG1/USDT,LessFnGas,LFG1
LGBTQ/USDT,Gays Inu,LGBTQ
LIFE/USDT,Life Crypto,LIFE
LIKE/USDT,Only1,LIKE
LINA/USDT,Linear Finance,LINA
LINK/ETH,Chainlink,LINK
LINK/USDT,Chainlink,LINK
LIT/USDT,Litentry,LIT
LITH/USDT,Lithium,LITH
LITHO/USDT,Lithosphere,LITHO
LITT/USDT,LitLab Games,LITT
LIXX/USDT,Libra Incentix,LIXX
LMWR/USDT,LimeWire,LMWR
LNDX/USDT,LandX Finance,LNDX
LNR/USDT,Lunar,LNR
LOCK/USDT,Houdini Swap,LOCK
LOFI/USDT,LOFI,LOFI
LOOKS/USDT,LooksRare,LOOKS
LOOM/USDT,Loom Network,LOOM
LOOP/USDT,Loop Network,LOOP
LOPES/USDT,Leandro Lopes,LOPES
LOST/USDT,Lost Worlds,LOST
LOTT/USDT,Beauty Bakery Linked Operation Transaction Technology,LOTT
LOVELY/USDT,Lovely Inu Finance,LOVELY
LOVESNOOPY/USDT,I LOVE SNOOPY,LOVESNOOPY
LPT/USDT,Livepeer,LPT
LQDX/USDT,Liquid Crypto,LQDX
LQTY/USDT,Liquity,LQTY
LRC/USDT,Loopring,LRC
LSD/USDT,LSDx Finance,LSD
LTC/USDC,Litecoin,LTC
LTC/USDT,Litecoin,LTC
LUCA/USDT,LUCA,LUCA
LUFC/USDT,Leeds United Fan Token,LUFC
LUFFY/USDT,Luffy,LUFFY
LUMI/USDT,LumiShare,LUMI
LUNA/USDC,Terra,LUNA
LUNA/USDT,Terra,LUNA
LUNC/USDT,Terra Classic,LUNC
LUNC/USDC,Terra Classic,LUNC
LUNCH/USDT,LunchDAO,LUNCH
LUNR/USDT,LunarCrush,LUNR
LVL/USDT,Level Finance,LVL
LVN/USDT,Levana Protocol,LVN
LYNX/USDT,Lynex,LYNX
LYUM/USDT,Layerium,LYUM
LYX/USDT,LUKSO,LYX
MAF/USDT,MetaMAFIA,MAF
MAGA/USDT,MAGA,MAGA
MAGASOL/USDT,MAGA (Solana),MAGASOL
MAGIC/USDT,Treasure,MAGIC
MAGICSHOES/USDT,MAGIC SHOES,MAGICSHOES
MAN/USDT,Matrix AI Network,MAN
MANA/USDT,Decentraland,MANA
MANC/USDT,Mancium,MANC
MANTA/USDT,Manta Network,MANTA
MAP/USDT,MAP Protocol,MAP
MAR3/USDT,Mar3 AI,MAR3
MARO/USDT,Maro,MARO
MARS/USDT,Mars Network,MARS
MARS4/USDT,MARS4,MARS4
MARSH/USDT,UnMarshal,MARSH
MASK/USDT,Mask Network,MASK
MASS/USDT,Massnet,MASS
MASS/ETH,Massnet,MASS
MATH/USDT,MATH,MATH
MATIC/USDC,Polygon,MATIC
MATIC/USDT,Polygon,MATIC
MAV/USDT,Maverick Protocol,MAV
MAVIA/USDT,Heroes of Mavia,MAVIA
MAX/USDT,Maxity,MAX
MBD/USDT,MBD Financials,MBD
MBL/USDT,MovieBloc,MBL
MBLK/USDT,Magical Blocks,MBLK
MBOX/USDT,MOBOX,MBOX
MBP/USDT,Mobipad,MBP
MBX/USDT,MARBLEX,MBX
MCB/USDT,MUX Protocol,MCB
MCHC/USDT,My Crypto Heroes,MCHC
MCOIN/USDT,mCoin,MCOIN
MCONTENT/USDT,MContent,MCONTENT
MCRT/USDT,MagicCraft,MCRT
MCT/USDT,Microtuber,MCT
MDI/USDT,Medicle,MDI
MDT/USDT,Meta Dance,MDT
MDX/USDT,Mdex,MDX
MEE/USDT,Medieval Empires,MEE
MEER/USDT,Qitmeer Network,MEER
MEFA/USDT,Metaverse Face,MEFA
MEGA/USDT,Megaton Finance,MEGA
MELD/USDT,MELD,MELD
MELOS/USDT,Melos Studio,MELOS
MEME/USDT,Memecoin,MEME
MEME2/USDT,Memecoin 2.0,MEME2
MEMEAI/USDT,Meme Ai,MEMEAI
MEMEME/USDT,MEMEME,MEMEME
MEMEMINT/USDT,MEME MINT,MEMEMINT
MEMEMUSK/USDT,MEME MUSK,MEMEMUSK
MEMETOON/USDT,MEMETOON,MEMETOON
MENGO/USDT,Flamengo Fan Token,MENGO
MEOW/USDT,ZERO,MEOW
META/USDT,Metaverse Miner,META
METAL/USDT,Metal Blockchain,METAL
METAV/USDT,MetaVPad,METAV
METFI/BTC,MetFi,METFI
METFI/USDT,MetFi,METFI
METIS/USDT,Metis,METIS
METO/USDT,Metafluence,METO
MEV/USDT,MEVerse,MEV
MEVR/USDT,Metaverse VR,MEVR
MF/USDT,MetaFighter,MF
MFET/USDT,MultiFunctional Environmental Token,MFET
MILO/USDT,Milo Inu,MILO
MINA/USDT,Mina,MINA
MINA/USDC,Mina,MINA
MINAR/USDT,Miner Arena,MINAR
MIND/USDT,Morpheus Labs,MIND
MINU/USDT,Minu,MINU
MIR/USDT,Mirror Protocol,MIR
MIRTOKEN/USDT,MIR Token,MIRTOKEN
MITHRIL/USDT,CLIMBERS,MITHRIL
MKR/USDT,Maker,MKR
ML/USDT,Mintlayer,ML
MLN/ETH,Enzyme,MLN
MLN/USDT,Enzyme,MLN
MLT/USDT,MILC Platform,MLT
MLXC/USDT,Marvellex Classic,MLXC
MMA/USDT,Meme Alliance,MMA
MMIT/USDT,MangoMan Intelligent,MMIT
MMM/USDT,Meta Merge,MMM
MMT/USDT,MyMetaTrader,MMT
MMUI/USDT,MetaMUI,MMUI
MMVG/USDT,MEMEVENGERS,MMVG
MMY/USDT,Mummy Finance,MMY
MNB/USDT,MN Bridge,MNB
MNFT/USDT,MongolNFT Coin,MNFT
MNR/USDT,Mineral,MNR
MNT/USDT,Mantle,MNT
MNTL/USDT,AssetMantle,MNTL
MOBILE/USDT,Helium Mobile,MOBILE
MOBX/USDT,MOBIX,MOBX
MOCHI/USDT,Mochi (New),MOCHI
MODEL/USDT,Model Labs,MODEL
MOG/USDT,MOG Coin,MOG
MONG/USDT,MongCoin,MONG
MONIE/USDT,Infiblue World,MONIE
MOON/USDT,r/CryptoCurrency Moons,MOON
MOONEY/USDT,MoonDAO,MOONEY
MOONFT/USDT,Moonft,MOONFT
MOOV/USDT,Dotmoovs,MOOV
MORRA/USDT,Morra,MORRA
MOVE/USDT,BlueMove,MOVE
MOVR/USDT,Moonriver,MOVR
MPT/USDT,MeetPle,MPT
MRST/USDT,Mars Token,MRST
MSB/USDT,Misbloc,MSB
MSHEESHA/USDT,Sheesha Finance Polygon,MSHEESHA
MSTR/USDT,Monsterra (MSTR),MSTR
MT/USDT,MT Token,MT
MTC/USDT,Metatime Coin,MTC
MTH/USDT,Monetha,MTH
MTR/USDT,Meter Stable,MTR
MTRG/USDT,Meter Governance,MTRG
MTRM/USDT,Materium,MTRM
MTRX/USDT,Metarix,MTRX
MTS/USDT,META PLUS TOKEN,MTS
MTV/USDT,MultiVAC,MTV
MTVT/USDT,Metaverser,MTVT
MUBI/USDT,Multibit,MUBI
MUDOL2/USDT,Hero Blaze: Three Kingdoms,MUDOL2
MULTI/USDT,Multichain,MULTI
MUNITY/USDT,Metahorse Unity,MUNITY
MURATIAI/USDT,MuratiAI,MURATIAI
MUSKMEME/USDT,MUSK MEME,MUSKMEME
MUTE/USDT,Mute,MUTE
MVL/USDT,MVL,MVL
MVX/USDT,Metavault Trade,MVX
MWCC/USDT,Metaworld,MWCC
MX/USDC,MX TOKEN,MX
MX/ETH,MX TOKEN,MX
MX/USDT,MX TOKEN,MX
MXM/USDT,MixMob,MXM
MXT/USDT,MixTrust,MXT
MYRIA/USDT,Myria,MYRIA
MYRO/USDT,Myro,MYRO
MYST/USDT,Mysterium,MYST
MYTH/USDT,Mythos,MYTH
NABOX/USDT,Nabox,NABOX
NAC/USDT,Nirvana Chain,NAC
NADA/USDT,NADA Protocol Token,NADA
NAKA/USDT,Nakamoto Games,NAKA
NAOS/USDT,NAOS Finance,NAOS
NAP/USDT,Napoli Fan Token,NAP
NAV/USDT,Navcoin,NAV
NBS/USDT,New BitShares,NBS
NCDT/USDT,Nuco.cloud,NCDT
NCT/USDT,PolySwarm,NCT
NEAR/USDC,NEAR Protocol,NEAR
NEAR/USDT,NEAR Protocol,NEAR
NEBL/USDT,Neblio,NEBL
NEER/USDT,MNet Pioneer,NEER
NEI/USDT,Neurashi,NEI
NEMS/USDT,The Nemesis,NEMS
NEO/USDT,Neo,NEO
NEOX/USDT,Neoxa,NEOX
NERD/USDT,Nerd Bot,NERD
NEST/USDT,NEST Protocol,NEST
NETVR/USDT,Netvrk,NETVR
NetZ/USDT,MainnetZ,NETZ
NEVER/USDT,neversol,NEVER
NEW/USDT,Newton,NEW
NEXA/USDT,Nexa,NEXA
NEXO/USDT,Nexo,NEXO
NEXT/USDT,Connext Network,NEXT
NFP/USDT,NFPrompt,NFP
NFT/USDT,APENFT,NFT
NFTART/USDT,NFT Art Finance,NFTART
NFTY/USDT,NFTY Token,NFTY
NGC/USDT,NAGA,NGC
NGL/USDT,Gold Fever,NGL
NHT/USDT,Neighbourhoods,NHT
NIZA/USDT,Niza Global,NIZA
NKN/USDT,NKN,NKN
NLC/USDT,Nelore Coin,NLC
NLINK/USDT,Neuralink,NLINK
NLS/USDT,Nolus,NLS
NMD/USDT,Nexusmind,NMD
NMR/USDT,Numeraire,NMR
NMR/ETH,Numeraire,NMR
NODL/USDT,Nodle,NODL
NOM/USDT,Onomy Protocol,NOM
NOS/USDT,Nosana,NOS
NOTHING/USDT,NOTHING,NOTHING
NPICK/USDT,NPICK BLOCK,NPICK
NPT/USDT,NEOPIN,NPT
NRG/USDT,Energi,NRG
NRK/USDT,Nordek,NRK
NTRN/USDT,Neutron,NTRN
NTX/USDT,NuNet,NTX
NULS/USDT,NULS,NULS
NUM/USDT,Numbers Protocol,NUM
NUT/USDT,Nutcoin,NUT
NVIR/USDT,NvirWorld,NVIR
NVT/USDT,NerveNetwork,NVT
NVX/USDT,NovaDEX,NVX
NWC/USDT,Newscrypto,NWC
NWC/BTC,Newscrypto,NWC
NXDT/USDT,NXD Next,NXDT
NXRA/USDT,AllianceBlock Nexera,NXRA
NXTT/USDT,NextEarth,NXTT
NYM/USDT,NYM,NYM
NZERO/USDT,NetZero,NZERO
O3/USDT,O3 Swap,O3
OAS/USDT,Oasys,OAS
OBI/USDT,Orbofi AI,OBI
OBROK/USDT,OBRok Token,OBROK
OBT/USDT,Oobit,OBT
OCC/USDT,Occam.Fi,OCC
OCEAN/ETH,Ocean Protocol,OCEAN
OCEAN/USDT,Ocean Protocol,OCEAN
OCTA/USDT,OctaSpace,OCTA
OCTAVUS/USDT,Octavus Prime,OCTAVUS
ODDZ/USDT,Oddz,ODDZ
OFN/USDT,Openfabric AI,OFN
OG/USDT,OG Fan Token,OG
OGGYETH/USDT,Oggy Inu (ETH),OGGYETH
OGN/USDT,Origin Protocol,OGN
OGV/USDT,Origin DeFi Governance,OGV
OGY/USDT,ORIGYN,OGY
OJA/USDT,Ojamu,OJA
OKB/USDT,OKB,OKB
OKT/USDT,OKT Chain,OKT
OLE/USDC,OpenLeverage,OLE
OLE/USDT,OpenLeverage,OLE
OLEA/USDT,Olea Token,OLEA
OMAX/USDT,Omax Coin,OMAX
OMC/USDT,Omchain,OMC
OMG/BTC,OMG Network,OMG
OMG/USDT,OMG Network,OMG
OMMI/USDT,Ommniverse,OMMI
OMN/USDT,Omega Network,OMN
OMNICAT/USDT,OmniCat,OMNICAT
OMNOM/USDT,Doge Eat Doge,OMNOM
ONDO/USDT,Ondo,ONDO
ONE/USDT,Harmony,ONE
ONG/USDT,Ontology Gas,ONG
ONT/USDT,Ontology,ONT
ONT/BTC,Ontology,ONT
OOE/USDT,OpenOcean,OOE
OOKI/USDT,Ooki Protocol,OOKI
OP/USDC,Optimism,OP
OP/USDT,Optimism,OP
OPAIG/USDT,OvalPixel,OPAIG
OPN/USDT,Open Source Network,OPN
OPP/USDT,Open Proprietary Protocol,OPP
OPTIMUS/USDT,Optimus AI,OPTIMUS
OPUL/USDT,Opulous,OPUL
ORAIX/USDT,OraiDEX,ORAIX
ORARE/USDT,OneRare,ORARE
ORD/USDT,ordinex,ORD
ORDI/USDT,ORDI,ORDI
ORDI2/USDT,ORDI 2.0,ORDI2
ORDS/USDT,Ordiswap,ORDS
ORE/USDT,Open Rights Exchange,ORE
ORN/USDT,Orion,ORN
ORNJ/USDT,Orange,ORNJ
ORT/USDT,Okratech Token,ORT
OSHI/USDT,Oshi Token,OSHI
OSMO/USDT,Osmosis,OSMO
OST/USDT,OST,OST
OVR/USDT,OVR,OVR
OX/USDT,Open Exchange Token,OX
OXT/USDT,Orchid,OXT
OXT/ETH,Orchid,OXT
OZO/USDT,Ozone Chain,OZO
OZONE/USDT,Ozone metaverse,OZONE
P3D/USDT,3DPass,P3D
PABLO/USDT,PABLO DEFI,PABLO
PAC/USDT,PAC Protocol,PAC
PACOIN/USDT,Pacman,PACOIN
PAINT/USDT,MurAll,PAINT
PALM/USDT,Palmswap,PALM
PALMAI/USDT,PaLM AI,PALMAI
PANDA/USDT,PANDA,PANDA
PANDADAO/USDT,Panda DAO,PANDADAO
PANDO/USDT,Pando,PANDO
PARAS/USDT,Paras,PARAS
PARMA/USDT,PARMA Fan Token,PARMA
PART/USDT,Particl,PART
PASG/USDT,Passage,PASG
PAW/USDT,PAWZONE,PAW
PAWSWAP/USDT,PAWSWAP,PAWSWAP
PAXG/USDT,PAX Gold,PAXG
PAY/USDT,XPAYMENT,PAY
PAYS/USDT,Payslink,PAYS
PAYU/USDT,Platform of meme coins,PAYU
PBR/USDT,PolkaBridge,PBR
PBX/USDT,Probinex,PBX
PC/USDT,Plug Chain,PC
PCX/BTC,ChainX,PCX
PCX/USDT,ChainX,PCX
PEEL/USDT,Meta Apes,PEEL
PEL/USDT,Propel,PEL
PEN/USDT,Protocon,PEN
PENDLE/USDT,Pendle,PENDLE
PENDULUM/USDT,Pendulum,PENDULUM
PEOPLE/USDT,ConstitutionDAO,PEOPLE
PEPA/USDT,Pepa Inu,PEPA
PEPE/USDT,Pepe,PEPE
PEPE2/USDT,Pepe 2.0,PEPE2
PEPECOIN/USDT,PepeCoin,PEPECOIN
PEPECOMMUNITY/USDT,Pepe Community,PEPECOMMUNITY
PEPEE/USDT,Pepe the pepe,PEPEE
PERC/USDT,Perion,PERC
PERP/USDT,Perpetual Protocol,PERP
PET/USDT,Hello Pets,PET
PG/USDT,PEGO Network,PG
PHA/USDT,Phala Network,PHA
PHB/USDT,Phoenix,PHB
PIAS/USDT,PIAS,PIAS
PIB/USDT,PIBBLE,PIB
PIG/USDT,Pig Finance,PIG
PIKA/USDT,Pikaboss,PIKA
PIP/USDT,Pip,PIP
PIT/USDT,Pitbull,PIT
PIVN/USDT,PIVN,PIVN
PIVN/USDT,PIVN,PIVN
PIXEL/USDT,Pixels,PIXEL
PKR/USDT,POLKER,PKR
PKT/USDT,PKT,PKT
PLANET/USDT,PLANET,PLANET
PLANETS/USDT,PlanetWatch,PLANETS
PLAY/USDT,Play Token,PLAY
PLB/USDT,Paladeum,PLB
PLCU/USDT,PLCU,PLCU
PLCUC/USDT,PLCUC,PLCUC
PLEX/USDT,MinePlex,PLEX
PLT/USDT,Poollotto.finance,PLT
PLUG/USDT,PL^Gnet,PLUG
PLUG/USDT,PL^Gnet,PLUG
PMG/USDT,PMG Coin,PMG
PMPY/USDT,Prometheum Prodigy,PMPY
PNDC/USDT,Pond Coin,PNDC
PNG/USDT,Pangolin,PNG
PNK/USDT,Kleros,PNK
POGAI/USDT,POGAI,POGAI
POKEMON/USDT,Pokemon,POKEMON
POKT/USDT,Pocket Network,POKT
POL/USDT,Polygon Ecosystem Token,POL
POLC/USDT,Polkacity,POLC
POLIS/USDT,Star Atlas DAO,POLIS
POLS/USDT,Polkastarter,POLS
POLYDOGE/USDT,PolyDoge,POLYDOGE
POND/USDT,Marlin,POND
PONKE/USDT,Ponke,PONKE
POOH/USDT,POOH,POOH
POOLX/USDT,Poolz Finance,POOLX
POR/USDT,Portugal National Team Fan Token,POR
PORK/USDT,PepeFork,PORK
PORT3/USDT,Port3 Network,PORT3
PORTAL/USDT,Portal,PORTAL
PORTUMA/USDT,Portuma,PORTUMA
PPC/USDT,Peercoin,PPC
PPT/USDT,Pop Social,PPT
PRIMAL/USDT,PRIMAL,PRIMAL
PRISMA/USDT,Prisma Finance,PRISMA
PRNT/USDT,Prime Numbers Labs Ecosystem,PRNT
PRO/USDT,Propy,PRO
PROPC/USDT,Propchain,PROPC
PROPS/USDT,Propbase,PROPS
PROS/USDT,Prosper,PROS
PRQ/USDT,PARSIQ,PRQ
PRTG/USDT,Pre-retogeum,PRTG
PRX/USDT,Parex,PRX
PSG/USDT,Paris Saint-Germain Fan Token,PSG
PSL/USDT,Pastel,PSL
PSP/USDT,ParaSwap,PSP
PSTAKE/USDT,pSTAKE Finance,PSTAKE
PSUB/USDT,Payment Swap Utility Board,PSUB
PTH/USDT,PlasticHero,PTH
PTP/USDT,Platypus Finance,PTP
PUFFIN/USDT,Puffin Global,PUFFIN
PUMP/USDT,2024PUMP,PUMP
PUSH/USDT,Push Protocol,PUSH
PXT/USDT,Pixer Eternity,PXT
PYI/USDT,PYRIN,PYI
PYM/USDT,Playermon,PYM
PYR/USDT,Vulcan Forged (PYR),PYR
PYTH/USDT,Pyth Network,PYTH
QI/USDT,QiSwap,QI
QKC/USDT,QuarkChain,QKC
QLINDO/USDT,Qlindo,QLINDO
QNT/USDT,Quant,QNT
QORPO/USDT,QORPO WORLD,QORPO
QRDO/USDT,Qredo,QRDO
QRL/USDT,Quantum Resistant Ledger,QRL
QTUM/USDT,Qtum,QTUM
QTZ/USDT,Quartz,QTZ
QUACK/USDT,RichQUACK.com,QUACK
QUICK/USDT,Quickswap [New],QUICK
QUINT/USDT,QUINT,QUINT
RAB/USDT,Rabbit,RAB
RABI/USDT,Rabi,RABI
RACA/USDT,RACA,RACA
RAD/USDT,Radworks,RAD
RADAR/USDT,DappRadar,RADAR
RAIN/USDT,Rainmaker Games,RAIN
RAINCOIN/USDT,Rain Coin,RAINCOIN
RAIT/USDT,Rabbitgame,RAIT
RAK/USDT,Rake Finance,RAK
RAKE/USDT,Rake Coin,RAKE
RANKER/USDT,RankerDAO,RANKER
RARE/USDT,SuperRare,RARE
RARI/USDT,Rarible,RARI
rats/USDT,rats (Ordinals),RATS
RAY/USDT,Raydium,RAY
RAY/USDC,Raydium,RAY
RAZOR/USDT,Razor Network,RAZOR
RBC/USDT,Rubic,RBC
RBN/USDT,Ribbon Finance,RBN
RBW/USDT,Rainbow Token,RBW
RBX/USDT,ReserveBlock,RBX
RCG/USDT,The Recharge,RCG
RCM/USDT,READ2N,RCM
RDEX/USDT,Orders.Exchange,RDEX
RDNT/USDT,Radiant Capital,RDNT
REACH/USDT,/Reach,REACH
REAL/USDT,Realy,REAL
REBUS/USDT,Rebuschain,REBUS
RED/USDT,RED TOKEN,RED
REEF/USDT,Reef,REEF
REF/USDT,Ref Finance,REF
REI/USDT,REI Network,REI
REKT/USDT,Rekt,REKT
REL/USDT,Relation Labs,REL
REN/USDT,Ren,REN
REN/ETH,Ren,REN
RENQ/USDT,Renq Finance,RENQ
RET/USDT,Renewable Energy,RET
REUNI/USDT,Reunit Wallet,REUNI
REVV/USDT,REVV,REVV
RFD/USDT,RefundCoin,RFD
RFOX/USDT,RFOX,RFOX
RIB/USDT,Ribus,RIB
RIBBIT/USDT,Ribbit,RIBBIT
RIDE/USDT,holoride,RIDE
RIF/BTC,Rootstock Infrastructure Framework,RIF
RIF/USDT,Rootstock Infrastructure Framework,RIF
RIK/USDT,RIKEZA,RIK
RING/USDT,Darwinia Network,RING
RIO/USDT,Realio Network,RIO
RISE/USDT,EverRise,RISE
RITE/USDT,ritestream,RITE
RJV/USDT,Rejuve.AI,RJV
RLC/USDT,iExec RLC,RLC
RLY/USDT,Rally,RLY
RMV/USDT,Reality Metaverse,RMV
RNDR/USDT,Render,RNDR
RNDX/USDT,Round X,RNDX
ROCKI/USDT,ROCKI,ROCKI
ROCO/USDT,ROCO FINANCE,ROCO
ROG/USDT,ROGin AI,ROG
RON/USDT,Ronin,RON
ROOT/USDT,The Root Network,ROOT
ROSE/USDT,Oasis Network,ROSE
ROSX/USDT,Roseon,ROSX
ROUTE/USDT,Router Protocol,ROUTE
RPG/USDT,Rangers Protocol Gas,RPG
RPK/USDT,RepubliK,RPK
RPL/USDT,Rocket Pool,RPL
RSS3/USDT,RSS3,RSS3
RUN/USDT,RUN TOGETHER,RUN
RUNE/USDT,THORChain,RUNE
RUSH/USDT,RUSH COIN,RUSH
RVF/USDT,RocketX exchange,RVF
RVN/USDT,Ravencoin,RVN
SAFE/USDT,SAFE(AnWang),SAFE
SAI/USDT,Simpsons AI,SAI
SAKAI/USDT,Sakai Vault,SAKAI
SALD/USDT,Salad,SALD
SAMA/USDT,Moonsama,SAMA
SAMO/USDT,Samoyedcoin,SAMO
SAND/USDT,The Sandbox,SAND
SANTOS/USDT,Santos FC Fan Token,SANTOS
SAROS/USDT,Saros,SAROS
SAT/USDT,Super Athletes Token,SAT
SATOX/USDT,Satoxcoin,SATOX
SATS/USDT,SATS (Ordinals),SATS
SAUBER/USDT,Alfa Romeo Racing ORLEN Fan Token,SAUBER
SAUCE/USDT,SaucerSwap,SAUCE
SAVM/USDT,SatoshiVM,SAVM
SBCC/USDT,Smart Block Chain City,SBCC
SBR/USDT,Saber,SBR
SC/USDT,Siacoin,SC
SCAR/USDT,ScarQuest,SCAR
SCB/USDT,Sacabam,SCB
SCCP/USDT,S.C. Corinthians Fan Token,SCCP
SCLP/USDT,Scallop,SCLP
SCOTTY/USDT,Scotty Beam,SCOTTY
SCPT/USDT,Script Network,SCPT
SCRT/USDT,Secret,SCRT
SCT/USDT,SuperCells Token,SCT
SD/USDT,Stader,SD
SDAO/USDT,SingularityDAO,SDAO
SDEX/USDT,SmarDex,SDEX
SDN/USDT,Shiden Network,SDN
SEAM/USDT,Seamless,SEAM
SEAT/USDT,Seamans Token,SEAT
SEC/USDT,SEC,SEC
SEED/USDT,Seed.Photo,SEED
SEI/USDT,Sei,SEI
SEILOR/USDT,Kryptonite,SEILOR
SELF/USDT,SELF Crypto,SELF
SELO/USDT,SELO+,SELO
SENSO/USDT,SENSO,SENSO
SENSO/ETH,SENSO,SENSO
SENSO/BTC,SENSO,SENSO
SER/USDT,Secretum,SER
SERO/USDT,Super Zero Protocol,SERO
SERSH/USDT,Serenity Shield,SERSH
SEX/USDT,SEX Odyssey,SEX
SEXY/USDT,EthXY,SEXY
SFARM/USDT,SolFarm,SFARM
SFIN/USDT,Songbird Finance,SFIN
SFL/USDT,Shuffle,SFL
SFM/USDT,SafeMoon V2,SFM
SFP/USDT,SafePal,SFP
SFUND/USDT,Seedify.fund,SFUND
SGB/USDT,Songbird,SGB
SGT/USDT,Suzuverse,SGT
SHIA/USDT,Shiba Saga,SHIA
SHIB/USDC,Shiba Inu,SHIB
SHIB/USDT,Shiba Inu,SHIB
SHIB2/USDT,Shib2.0,SHIB2
SHIBA/USDT,BitShiba,SHIBA
SHIBAI/USDT,AiShiba,SHIBAI
SHIDO/USDT,Shido (New),SHIDO
SHILL/USDT,SHILL Token,SHILL
SHIRYO/USDT,Shiryo,SHIRYO
SHIT/USDC,I will poop it NFT,SHIT
SHIT/USDT,I will poop it NFT,SHIT
SIMP/USDT,SO-COL,SIMP
SIMPSON/USDT,Homer,SIMPSON
SIN/USDT,Sinverse,SIN
SIX/USDT,SIX,SIX
SKILL/USDT,CryptoBlades,SKILL
SKL/USDT,SKALE,SKL
SKP/USDT,SKYPlay,SKP
SLG/USDT,SLG.GAMES,SLG
SLIM/USDT,Solanium,SLIM
SLN/USDT,Smart Layer Network,SLN
SLP/USDT,Smooth Love Potion,SLP
SLT/USDT,Sui Launch Token,SLT
SMARS/USDT,SafeMars,SMARS
SMART/USDT,SMART,SMART
SMILEY/USDT,SMILEY,SMILEY
SML/USDT,Smell Token,SML
SMT/USDT,Swarm Markets,SMT
SMURFCAT/USDT,Real Smurf Cat (ETH),SMURFCAT
SNEK/USDT,Snek,SNEK
SNFT/USDT,Spain National Fan Token,SNFT
SNS/USDT,Sonorus,SNS
SNT/USDT,Status,SNT
SNT/BTC,Status,SNT
SNX/ETH,Synthetix,SNX
SNX/USDT,Synthetix,SNX
SOBB/USDT,SoBit,SOBB
SOBER/USDT,Solabrador,SOBER
SOC/USDT,socrates,SOC
SOFI/USDT,RAI Finance,SOFI
SOIL/USDT,Soil,SOIL
SOL/USDT,Solana,SOL
SOL/USDC,Wrapped Solana,SOL
SOL/BTC,Solana,SOL
SOLAV/USDT,SOLAV TOKEN,SOLAV
SOLO/USDT,Sologenic,SOLO
SOLS/USDT,SOLS,SOLS
SOLS1/USDT,sols,SOLS1
SOLX/USDT,Soldex,SOLX
SON/USDT,SOUNI,SON
SONIC/USDT,Sonic Inu,SONIC
SONNE/USDT,Sonne Finance,SONNE
SOON/USDT,SoonVerse,SOON
SOP/USDT,SoPay,SOP
SOPH/USDT,SophiaVerse,SOPH
SORA/USDT,Sora,SORA
SOS/USDT,OpenDAO,SOS
SOUL/USDT,Soulsaver,SOUL
SOULS/USDT,The Unfettered Ecosystem,SOULS
SPA/USDT,Sperax,SPA
SPACE/USDT,MicroVisionChain,SPACE
SPARTA/USDT,Spartan Protocol,SPARTA
SPC/USDT,Storepay,SPC
SPELL/USDT,Spell Token,SPELL
SPFC/USDT,Sao Paulo FC Fan Token,SPFC
SPH/USDT,Spheroid Universe,SPH
SPIZ/USDT,SPACE-iZ,SPIZ
SPOL/USDT,Sociapol,SPOL
SPONGE/USDT,Sponge,SPONGE
SPOOL/USDT,Spool,SPOOL
SPRT/USDT,Sportium,SPRT
SPS/USDT,Splintershards,SPS
SPT/USDT,SeaPad,SPT
SPUME/USDT,Spume Protocol,SPUME
SQUIDGROW/USDT,SquidGrow,SQUIDGROW
SRLTY/USDT,SaitaRealty,SRLTY
SRM/USDT,Serum,SRM
SRT/USDT,Smart Reward Token,SRT
SSHIB/USDC,Solana Shib,SSHIB
SSV/USDT,ssv.network,SSV
SSWP/USDT,Suiswap,SSWP
STA/USDT,STOA Network,STA
STARL/USDT,Starlink,STARL
STARS/USDT,Mogul Productions,STARS
STARSHIP/USDT,Starship,STARSHIP
STAT/USDT,STAT,STAT
STBOT/USDT,SolTradingBot,STBOT
STC/USDT,SaitaChain Coin,STC
STEEM/USDT,Steem,STEEM
STEPN/USDT,GMT,STEPN
STETH/USDC,Lido Staked ETH,STETH
STETH/USDT,Lido Staked ETH,STETH
STFX/USDT,STFX,STFX
STG/USDT,Stargate Finance,STG
STL/USDT,Cyberstella,STL
STND/USDT,Standard,STND
STORJ/USDT,Storj,STORJ
STOS/USDT,Stratos,STOS
STPT/USDT,STP,STPT
STRIKE/USDT,Strike,STRIKE
STRIP/USDT,Strip Finance,STRIP
STRK/USDT,Starknet,STRK
STRM/USDT,StreamCoin,STRM
STRM/BTC,StreamCoin,STRM
STX/USDT,Stacks,STX
SUB/USDT,Subsocial,SUB
SUDO/USDT,sudoswap,SUDO
SUI/USDT,Sui,SUI
SUIP/USDT,SuiPad,SUIP
SUKU/USDT,Suku,SUKU
SUN/USDT,Sun (New),SUN
SUNDAE/USDT,Sundae The Dog,SUNDAE
SURFBOARD/USDT,SurfBoard Finance,SURFBOARD
SUSHI/ETH,SushiSwap,SUSHI
SUSHI/USDT,SushiSwap,SUSHI
SWAP/USDT,TrustSwap,SWAP
SWASH/USDT,Swash,SWASH
SWASH/USDT,Swash,SWASH
SWCH/USDT,SwissCheese,SWCH
SWEAT/USDT,Sweat Economy,SWEAT
SWIM/USDT,SWIM - Spread Wisdom,SWIM
SWINGBY/USDT,Swingby,SWINGBY
SWP/USDT,SPRINT,SWP
SWRV/USDT,Swerve,SWRV
SX/USDT,SX Network,SX
SXM/USDT,saxumdao,SXM
SXP/USDT,Solar,SXP
SYN/USDT,Synapse,SYN
SYNC/USDT,Syncus,SYNC
SYP/USDT,Sypool,SYP
SYS/USDT,Syscoin,SYS
T/USDT,Threshold,T
TABOO/USDT,TABOO TOKEN,TABOO
TAMA/USDT,Tamadoge,TAMA
TANK/USDT,CryptoTanks,TANK
TAO/USDT,Bittensor,TAO
TARA/USDT,Taraxa,TARA
TARAL/USDT,TARALITY,TARAL
TBT/USDT,TideBit Token,TBT
TCGC/USDT,TCG Verse,TCGC
TENET/USDT,TENET,TENET
TESLAI/USDT,Tesla AI,TESLAI
TET/USDT,Tectum,TET
TFBX/USDT,TrueFeedBack,TFBX
TFI/USDT,TrustFi Network,TFI
TGT/USDT,THORWallet,TGT
THALES/USDT,Thales,THALES
THE/USDT,The Protocol,THE
THG/USDT,Thetan Arena,THG
THL/USDT,Thala,THL
THN/USDT,Throne,THN
THOL/USDT,AngelBlock,THOL
TIA/USDT,Celestia,TIA
TIDAL/USDT,Tidal Finance,TIDAL
TIN/USDT,Token IN,TIN
TIP/USDT,Tipcoin,TIP
TITAN/USDT,IRON Titanium Token,TITAN
TKB/USDT,TokenBot,TKB
TKO/USDT,Toko Token,TKO
TKX/USDT,Tokenize Xchange,TKX
TLC/USDT,Trillioner,TLC
TLM/USDT,Alien Worlds,TLM
TLOS/USDT,Telos,TLOS
TOKA/USDT,Tonka Finance,TOKA
TOKE/USDT,Tokemak,TOKE
TOKEN/USDT,TokenFi,TOKEN
TOKKI/USDT,CRYPTOKKI,TOKKI
TOMI/USDT,tomiNet,TOMI
TOMS/USDT,TomTomCoin,TOMS
TON/USDT,Toncoin,TON
TOP/USDT,TOP,TOP
TORN/USDT,Tornado Cash,TORN
TOX/USDT,INTOverse,TOX
TPT/USDT,TokenPocket,TPT
TPY/USDT,Thrupenny,TPY
TRADE/USDT,Polytrade,TRADE
TRAVA/USDT,TRAVA.FINANCE,TRAVA
TRC/USDT,MetaTrace,TRC
TRCL/USDT,Treecle,TRCL
TREEB/USDT,Retreeb,TREEB
TRESTLE/USDT,TRESTLE,TRESTLE
TRIAS/USDT,Trias Token (New),TRIAS
TRIBE/USDT,Tribe,TRIBE
TRIVIA/USDT,Trivians,TRIVIA
TRL/USDT,Triall,TRL
TRMX/USDT,TourismX Token,TRMX
TROLL/USDT,Troll (NEW),TROLL
TROVE/USDT,Arbitrove Protocol,TROVE
TRU/USDT,TrueFi,TRU
TRU1/USDT,Truebit,TRU1
TRUMP/USDT,MAGA,TRUMP
TRUMP2024/USDT,Donald Trump,TRUMP2024
TRVL/USDT,TRVL,TRVL
TRX/USDT,TRON,TRX
TRX/USDC,TRON,TRX
TRYB/USDT,BiLira,TRYB
TSUGT/USDT,Captain Tsubasa,TSUGT
TSUKA/USDT,Dejitaru Tsuka,TSUKA
TTC/USDT,Tongtongcoin,TTC
TTM/USDT,Tradetomato,TTM
TTT/USDT,TabTrader Token,TTT
TURBO/USDT,Turbo,TURBO
TURT/USDT,TurtSat,TURT
TUSD/USDT,TrueUSD,TUSD
TWT/ETH,Trust Wallet Token,TWT
TWT/USDT,Trust Wallet Token,TWT
TXA/USDT,Project TXA,TXA
TXT/USDT,Taxa Token,TXT
TYPE/USDT,TypeIt,TYPE
TYT/USDT,Bounty Temple,TYT
U/USDT,Unidef,U
UBSN/USDT,Silent Notary,UBSN
UBU/USDT,Africarare Ubuntu,UBU
UBX/USDT,UBIX.Network,UBX
UBXS/USDT,UBXS Token,UBXS
UFO/USDT,UFO Gaming,UFO
UFT/USDT,UniLend,UFT
UGAS/USDT,UGAS,UGAS
UGAS/BTC,UGAS,UGAS
ULTIMA/USDT,Ultima,ULTIMA
ULX/USDT,ULTRON,ULX
UMA/ETH,UMA,UMA
UMA/USDT,UMA,UMA
UMB/USDT,Umbrella Network,UMB
UMEE/USDT,UX Chain,UMEE
UMMA/USDT,UMMA Token,UMMA
UNB/USDT,Unbound,UNB
UNFI/USDT,Unifi Protocol DAO,UNFI
UNI/USDC,Uniswap,UNI
UNI/ETH,Uniswap,UNI
UNI/USDT,Uniswap,UNI
UNIBOT/USDT,UniBot,UNIBOT
UNICE/USDT,UNICE,UNICE
UNLEASH/USDT,UnleashClub,UNLEASH
UNM/USDT,UNIUM,UNM
UNO/USDT,Uno Re,UNO
UNP/USDT,UNIPOLY,UNP
UPC/USDT,UPCX,UPC
UPDOG/USDT,What's Updog,UPDOG
UPI/USDT,Pawtocol,UPI
UPO/USDT,UpOnly,UPO
USDC/USDT,USDC,USDC
USDD/USDC,USDD,USDD
USDD/USDT,USDD,USDD
USDJ/USDT,USDJ,USDJ
USDP/USDT,Pax Dollar,USDP
USH/USDT,unshETHing_Token,USH
USTC/USDT,TerraClassicUSD,USTC
UVT/USDT,UvToken,UVT
VAI/USDT,VAIOT,VAI
VC/USDT,VinuChain,VC
VCF/USDT,Valencia CF Fan Token,VCF
VEIL/USDT,Veil,VEIL
VELA/USDT,Vela Exchange,VELA
VELO/USDT,Velo,VELO
VELODROME/USDT,Velodrome Finance,VELODROME
VEMP/USDT,VEMP,VEMP
VES/USDT,Vestate,VES
VET/USDT,VeChain,VET
VEX/USDT,Vexanium,VEX
VEXT/USDT,Veloce,VEXT
VGX/USDT,Voyager Token,VGX
VIA/USDT,Octavia,VIA
VICS/USDT,RoboFi,VICS
VINU/USDT,Vita Inu,VINU
VISION/USDT,VisionGame,VISION
VITE/USDT,VITE,VITE
VIX/USDT,VIXCO,VIX
VMINT/USDT,Volumint,VMINT
VMPX/USDT,VMPX (Ordinals),VMPX
VNN/USDT,VINU Network,VNN
VOLT/USDT,Volt Inu,VOLT
VOLTAGE/USDT,Voltage Finance,VOLTAGE
VOW/USDT,Vow,VOW
VOY/USDT,Volley token,VOY
VPP/USDT,Virtue Poker,VPP
VPR/USDT,VaporFund,VPR
VR/USDT,Victoria VR,VR
VRA/USDT,Verasity,VRA
VRC/USDT,Virtual Coin,VRC
VRD/USDT,Viridis Network,VRD
VRL/USDT,Virtual X,VRL
VRS2/USDT,Weavers Token,VRS2
VRTX/USDT,Vertex Protocol,VRTX
VSC/USDT,Vyvo Coin,VSC
VSYS/USDT,v.systems,VSYS
VTHO/USDT,VeThor Token,VTHO
VTHO/ETH,VeThor Token,VTHO
VTS/USDT,Veritise,VTS
VV/USDT,Virtual Versions,VV
W3S/USDT,Web3Shot,W3S
WACME/USDT,Wrapped Accumulate,WACME
WAIT/USDT,Hourglass,WAIT
WALLET/USDT,Ambire Wallet,WALLET
WALV/USDT,Wrapped Alvey Chain,WALV
WAS/USDT,Wasder,WAS
WATT/USDT,WATTTON,WATT
WAVES/USDC,Waves,WAVES
WAVES/USDT,Waves,WAVES
WAXL/USDT,Axelar,WAXL
WAXP/USDT,WAX,WAXP
WBRGE/USDT,OrdBridge,WBRGE
WBT/USDT,WhiteBIT Coin,WBT
WBTC/USDC,Wrapped Bitcoin,WBTC
WBTC/USDT,Wrapped Bitcoin,WBTC
WEC/USDT,Whole Earth Coin,WEC
WEFI/USDT,WeFi,WEFI
WEFIN/USDT,eFin Decentralized,WEFIN
WELSH/USDT,Welshcorgicoin,WELSH
WEMIX/USDT,WEMIX,WEMIX
WEN/USDT,Wen,WEN
WFT/USDT,Windfall Token,WFT
WGT/USDT,Web3Games.com,WGT
WHALE/USDT,White Whale,WHALE
WHEN/USDT,WHEN Token,WHEN
WIF/USDT,dogwifhat,WIF
WILD/USDT,Wilder World,WILD
WIN/USDT,WINkLink,WIN
WING/USDT,Wing Finance,WING
WINR/USDT,WINR Protocol,WINR
WIT/USDT,Witnet,WIT
WITCH/USDT,Witch Token,WITCH
WJXN/USDT,Jax.Network,WJXN
WLD/USDT,Worldcoin,WLD
WMINIMA/USDT,Wrapped Minima,WMINIMA
WMOXY/USDT,Moxy,WMOXY
WMT/USDT,World Mobile Token,WMT
WNK/USDT,The Winkyverse,WNK
WNT/USDT,Wicrypt,WNT
WNXM/USDT,Wrapped NXM,WNXM
WNZ/USDT,Winnerz,WNZ
WOID/USDT,WORLD ID,WOID
WOJAK/USDT,Wojak,WOJAK
WOLF/USDT,LANDWOLF,WOLF
WOM/USDT,Wombat Exchange,WOM
WOO/USDT,WOO,WOO
WOOF/USDT,WoofWork.io,WOOF
WOOOOO/USDT,Wooooo! Coin,WOOOOO
WORK/USDT,Work X,WORK
WQT/USDT,WorkQuest Token,WQT
WRLD/USDT,NFT Worlds,WRLD
WSB/USDT,Wall Street Baby,WSB
WSG/USDT,Wall Street Games (new),WSG
WSI/USDT,WeSendit,WSI
WSM/USDT,Wall Street Memes,WSM
WSTOR/USDT,StorageChain,WSTOR
WTR/USDT,Deepwaters,WTR
WWY/USDT,WeWay,WWY
WX/USDT,Weave6,WX
WYNN/USDT,Anita Max Wynn,WYNN
X/USDT,AI-X,X
X2Y2/USDT,X2Y2,X2Y2
X7C/USDT,X7 Coin,X7C
XAI/USDT,XAI,XAI
XAI1/USDT,XAI,XAI1
XAUt/USDT,Tether Gold,XAUT
XAVA/USDT,Avalaunch,XAVA
XCAD/USDT,XCAD Network,XCAD
XCH/USDT,Chia,XCH
XCHNG/USDT,Chainge,XCHNG
XCN/USDT,Onyxcoin,XCN
XCV/USDT,XCarnival,XCV
XDAG/USDT,XDAG,XDAG
XDAO/USDT,XDAO,XDAO
XDB/USDT,XDB CHAIN,XDB
XDC/USDT,XDC Network,XDC
XDOGE/USDT,XDOGE,XDOGE
XDOGE1/USDT,Christmas DOGE,XDOGE1
XEC/USDT,eCash,XEC
XELS/USDT,XELS,XELS
XEN/USDC,XEN Crypto,XEN
XEN/USDT,XEN Crypto,XEN
XEP/USDT,Electra Protocol,XEP
XERS/USDT,X Project,XERS
XET/USDT,Xfinite Entertainment Token,XET
XETA/USDT,XANA,XETA
XFI/USDT,CrossFi,XFI
XI/USDT,Xi Token,XI
XIDO/USDT,XIDO FINANCE,XIDO
XINU/USDT,XINU,XINU
XLM/USDT,Stellar,XLM
XLS/USDT,ELIS,XLS
XMR/USDT,Monero,XMR
XMS2023/USDT,XMAS,XMS2023
XMX/USDT,XMax,XMX
XNA/USDT,Neurai,XNA
XODEX/USDT,Xodex,XODEX
XPB/USDT,PowBlocks,XPB
XPET/USDT,xPET tech,XPET
XPLA/USDT,XPLA,XPLA
XPNET/USDT,XP NETWORK,XPNET
XPR/USDT,XPR Network,XPR
XPX/USDT,Sirius Chain,XPX
XRD/USDT,Radix,XRD
XRISE/USDT,Xrise,XRISE
XRP/USDT,XRP,XRP
XRP/USDC,XRP,XRP
XRPAYNET/USDT,XRPayNet,XRPAYNET
XRPC/USDT,Xrp Classic (new),XRPC
XRPH/USDT,XRP Healthcare,XRPH
XSHIB/USDT,XSHIB,XSHIB
XSPECTAR/USDT,xSPECTAR,XSPECTAR
XTM/USDT,Torum,XTM
XTZ/USDT,Tezos,XTZ
XUI/USDT,YouSUI,XUI
XVG/USDT,Verge,XVG
XVS/USDT,Venus,XVS
XWG/USDT,X World Games,XWG
XWG/USDC,X World Games,XWG
XX/USDT,xx network,XX
XYM/USDT,Symbol,XYM
YACHT/USDT,YachtingVerse,YACHT
YAY/USDT,YAY Network,YAY
YDF/USDT,Yieldification,YDF
YFI/USDT,yearn.finance,YFI
YFI/ETH,yearn.finance,YFI
YFII/USDT,DFI.Money,YFII
YFII/ETH,DFI.Money,YFII
YFX/USDT,Your Future Exchange,YFX
YGG/USDT,Yield Guild Games,YGG
YLDY/USDT,Yieldly,YLDY
YOOSHI/USDT,YooShi,YOOSHI
YURI/USDT,YURI,YURI
ZAM/USDT,Zamio,ZAM
ZANO/USDT,Zano,ZANO
ZBC/USDT,Zebec,ZBC
ZBU/USDT,Zeebu,ZBU
ZCX/USDT,Unizen,ZCX
ZEC/USDT,Zcash,ZEC
ZEE/USDT,ZeroSwap,ZEE
ZELIX/USDT,ZELIX,ZELIX
ZEN/USDT,Horizen,ZEN
ZENI/USDT,Zeni,ZENI
ZENITH/USDT,Zenith Coin,ZENITH
ZEPH/USDT,Zephyr Protocol,ZEPH
ZERO/USDT,Analysoor,ZERO
ZETA/USDT,ZetaChain,ZETA
ZETRIX/USDT,Zetrix,ZETRIX
ZIG/USDT,Zignaly,ZIG
ZIL/USDT,Zilliqa,ZIL
ZINU/USDT,Zombie Inu(New),ZINU
ZIX/USDT,Coinzix,ZIX
ZKF/USDT,ZKFair,ZKF
ZKID/USDT,zkSync id,ZKID
ZKP/USDT,Panther Protocol,ZKP
ZKPEPE/USDT,ZKPEPEs,ZKPEPE
ZLW/USDT,Zelwin,ZLW
ZOA/USDT,Zone of Avoidance,ZOA
ZOON/USDT,CryptoZoon,ZOON
ZPAY/USDT,ZoidPay,ZPAY
ZPC/USDT,Zen Panda Coin,ZPC
ZRX/USDT,0x Protocol,ZRX
ZTX/USDT,ZTX,ZTX
ZURR/USDT,ZURRENCY,ZURR
ZUZALU/USDT,Zuzalu Inu,ZUZALU
ZYB/USDC,Zyberswap,ZYB
ZZ/USDT,ZigZag,ZZ
ZZZ/USDT,GoSleep,ZZZ
